#pragma once

inline static const unsigned char dlssnr_denoise_first_cso[] = {
    0x44, 0x58, 0x42, 0x43, 0x34, 0x64, 0x22, 0x26, 0x1e, 0x11, 0x50, 0xb3, 
    0x38, 0x54, 0xc4, 0x8d, 0x7d, 0xc3, 0xf6, 0x5d, 0x01, 0x00, 0x00, 0x00, 
    0x00, 0x45, 0x00, 0x00, 0x06, 0x00, 0x00, 0x00, 0x38, 0x00, 0x00, 0x00, 
    0x48, 0x00, 0x00, 0x00, 0x58, 0x00, 0x00, 0x00, 0x68, 0x00, 0x00, 0x00, 
    0x38, 0x01, 0x00, 0x00, 0x54, 0x01, 0x00, 0x00, 0x53, 0x46, 0x49, 0x30, 
    0x08, 0x00, 0x00, 0x00, 0x00, 0x00, 0x00, 0x00, 0x00, 0x00, 0x00, 0x00, 
    0x49, 0x53, 0x47, 0x31, 0x08, 0x00, 0x00, 0x00, 0x00, 0x00, 0x00, 0x00, 
    0x08, 0x00, 0x00, 0x00, 0x4f, 0x53, 0x47, 0x31, 0x08, 0x00, 0x00, 0x00, 
    0x00, 0x00, 0x00, 0x00, 0x08, 0x00, 0x00, 0x00, 0x50, 0x53, 0x56, 0x30, 
    0xc8, 0x00, 0x00, 0x00, 0x34, 0x00, 0x00, 0x00, 0x00, 0x00, 0x00, 0x00, 
    0x00, 0x00, 0x00, 0x00, 0x00, 0x00, 0x00, 0x00, 0x00, 0x00, 0x00, 0x00, 
    0x00, 0x00, 0x00, 0x00, 0xff, 0xff, 0xff, 0xff, 0x05, 0x00, 0x00, 0x00, 
    0x00, 0x00, 0x00, 0x00, 0x00, 0x00, 0x00, 0x00, 0x08, 0x00, 0x00, 0x00, 
    0x08, 0x00, 0x00, 0x00, 0x01, 0x00, 0x00, 0x00, 0x01, 0x00, 0x00, 0x00, 
    0x05, 0x00, 0x00, 0x00, 0x18, 0x00, 0x00, 0x00, 0x02, 0x00, 0x00, 0x00, 
    0x00, 0x00, 0x00, 0x00, 0x00, 0x00, 0x00, 0x00, 0x00, 0x00, 0x00, 0x00, 
    0x0d, 0x00, 0x00, 0x00, 0x00, 0x00, 0x00, 0x00, 0x03, 0x00, 0x00, 0x00, 
    0x00, 0x00, 0x00, 0x00, 0x00, 0x00, 0x00, 0x00, 0x00, 0x00, 0x00, 0x00, 
    0x02, 0x00, 0x00, 0x00, 0x00, 0x00, 0x00, 0x00, 0x03, 0x00, 0x00, 0x00, 
    0x00, 0x00, 0x00, 0x00, 0x01, 0x00, 0x00, 0x00, 0x01, 0x00, 0x00, 0x00, 
    0x02, 0x00, 0x00, 0x00, 0x00, 0x00, 0x00, 0x00, 0x03, 0x00, 0x00, 0x00, 
    0x00, 0x00, 0x00, 0x00, 0x02, 0x00, 0x00, 0x00, 0x02, 0x00, 0x00, 0x00, 
    0x02, 0x00, 0x00, 0x00, 0x00, 0x00, 0x00, 0x00, 0x06, 0x00, 0x00, 0x00, 
    0x00, 0x00, 0x00, 0x00, 0x00, 0x00, 0x00, 0x00, 0x00, 0x00, 0x00, 0x00, 
    0x02, 0x00, 0x00, 0x00, 0x00, 0x00, 0x00, 0x00, 0x08, 0x00, 0x00, 0x00, 
    0x00, 0x43, 0x53, 0x4d, 0x61, 0x69, 0x6e, 0x00, 0x00, 0x00, 0x00, 0x00, 
    0x48, 0x41, 0x53, 0x48, 0x14, 0x00, 0x00, 0x00, 0x00, 0x00, 0x00, 0x00, 
    0x1a, 0xac, 0x46, 0xa3, 0x64, 0x9c, 0x30, 0xe4, 0x99, 0x82, 0x5d, 0x64, 
    0xd8, 0x2b, 0x26, 0x0c, 0x44, 0x58, 0x49, 0x4c, 0xa4, 0x43, 0x00, 0x00, 
    0x60, 0x00, 0x05, 0x00, 0xe9, 0x10, 0x00, 0x00, 0x44, 0x58, 0x49, 0x4c, 
    0x00, 0x01, 0x00, 0x00, 0x10, 0x00, 0x00, 0x00, 0x8c, 0x43, 0x00, 0x00, 
    0x42, 0x43, 0xc0, 0xde, 0x21, 0x0c, 0x00, 0x00, 0xe0, 0x10, 0x00, 0x00, 
    0x0b, 0x82, 0x20, 0x00, 0x02, 0x00, 0x00, 0x00, 0x13, 0x00, 0x00, 0x00, 
    0x07, 0x81, 0x23, 0x91, 0x41, 0xc8, 0x04, 0x49, 0x06, 0x10, 0x32, 0x39, 
    0x92, 0x01, 0x84, 0x0c, 0x25, 0x05, 0x08, 0x19, 0x1e, 0x04, 0x8b, 0x62, 
    0x80, 0x18, 0x45, 0x02, 0x42, 0x92, 0x0b, 0x42, 0xc4, 0x10, 0x32, 0x14, 
    0x38, 0x08, 0x18, 0x4b, 0x0a, 0x32, 0x62, 0x88, 0x48, 0x90, 0x14, 0x20, 
    0x43, 0x46, 0x88, 0xa5, 0x00, 0x19, 0x32, 0x42, 0xe4, 0x48, 0x0e, 0x90, 
    0x11, 0x23, 0xc4, 0x50, 0x41, 0x51, 0x81, 0x8c, 0xe1, 0x83, 0xe5, 0x8a, 
    0x04, 0x31, 0x46, 0x06, 0x51, 0x18, 0x00, 0x00, 0x08, 0x00, 0x00, 0x00, 
    0x1b, 0x8c, 0xe0, 0xff, 0xff, 0xff, 0xff, 0x07, 0x40, 0x02, 0xa8, 0x0d, 
    0x86, 0xf0, 0xff, 0xff, 0xff, 0xff, 0x03, 0x20, 0x01, 0xd5, 0x06, 0x62, 
    0xf8, 0xff, 0xff, 0xff, 0xff, 0x01, 0x90, 0x00, 0x49, 0x18, 0x00, 0x00, 
    0x03, 0x00, 0x00, 0x00, 0x13, 0x82, 0x60, 0x42, 0x20, 0x4c, 0x08, 0x06, 
    0x00, 0x00, 0x00, 0x00, 0x89, 0x20, 0x00, 0x00, 0x6b, 0x00, 0x00, 0x00, 
    0x32, 0x22, 0x88, 0x09, 0x20, 0x64, 0x85, 0x04, 0x13, 0x23, 0xa4, 0x84, 
    0x04, 0x13, 0x23, 0xe3, 0x84, 0xa1, 0x90, 0x14, 0x12, 0x4c, 0x8c, 0x8c, 
    0x0b, 0x84, 0xc4, 0x4c, 0x10, 0xa8, 0xc1, 0x08, 0x40, 0x09, 0x00, 0x0a, 
    0xe6, 0x08, 0xc0, 0xa0, 0x0c, 0xc3, 0x30, 0x10, 0x31, 0x03, 0x70, 0xd3, 
    0x70, 0xf9, 0x13, 0xf6, 0x10, 0x92, 0xbf, 0x12, 0xd2, 0x4a, 0x4c, 0x7e, 
    0x71, 0xdb, 0xa8, 0x30, 0x0c, 0xc3, 0x18, 0xe6, 0x08, 0x10, 0x42, 0xee, 
    0x19, 0x2e, 0x7f, 0xc2, 0x1e, 0x42, 0xf2, 0x43, 0xa0, 0x19, 0x16, 0x02, 
    0x05, 0x49, 0x51, 0x8e, 0x41, 0x19, 0x86, 0x61, 0x18, 0x86, 0x81, 0x96, 
    0x32, 0x18, 0x83, 0x41, 0x4d, 0x21, 0x8c, 0xc1, 0x30, 0xe8, 0x29, 0x0b, 
    0x30, 0x28, 0xc3, 0x30, 0x18, 0x86, 0x61, 0x20, 0x14, 0xcd, 0x11, 0x04, 
    0x65, 0x98, 0x06, 0x83, 0xa8, 0x42, 0x0c, 0xc3, 0x30, 0x90, 0x75, 0xd4, 
    0x70, 0xf9, 0x13, 0xf6, 0x10, 0x92, 0xcf, 0x6d, 0x54, 0xb1, 0x12, 0x93, 
    0x8f, 0xdc, 0x36, 0x22, 0x86, 0x61, 0x18, 0x0a, 0x81, 0x0d, 0xca, 0x40, 
    0xd9, 0x51, 0xc3, 0xe5, 0x4f, 0xd8, 0x43, 0x48, 0x3e, 0xb7, 0x51, 0xc5, 
    0x4a, 0x4c, 0x7e, 0x71, 0xdb, 0x88, 0x30, 0x0c, 0xc3, 0x28, 0xc4, 0x36, 
    0x28, 0x03, 0x71, 0xc5, 0x50, 0x06, 0x64, 0x18, 0x26, 0xf2, 0x06, 0x02, 
    0x86, 0x11, 0x08, 0x63, 0xa6, 0x36, 0x18, 0x07, 0x76, 0x08, 0x87, 0x79, 
    0x98, 0x07, 0x37, 0xa0, 0x85, 0x72, 0xc0, 0x07, 0x7a, 0xa8, 0x07, 0x79, 
    0x28, 0x07, 0x39, 0x20, 0x05, 0x3e, 0xb0, 0x87, 0x72, 0x18, 0x07, 0x7a, 
    0x78, 0x07, 0x79, 0xe0, 0x03, 0x73, 0x60, 0x87, 0x77, 0x08, 0x07, 0x7a, 
    0x60, 0x03, 0x30, 0xa0, 0x03, 0x3f, 0x00, 0x03, 0x3f, 0xd0, 0x03, 0x3d, 
    0x68, 0x87, 0x74, 0x80, 0x87, 0x79, 0xf8, 0x05, 0x7a, 0xc8, 0x07, 0x78, 
    0x28, 0x07, 0x14, 0x0c, 0x33, 0x89, 0xc1, 0x38, 0xb0, 0x43, 0x38, 0xcc, 
    0xc3, 0x3c, 0xb8, 0x01, 0x2d, 0x94, 0x03, 0x3e, 0xd0, 0x43, 0x3d, 0xc8, 
    0x43, 0x39, 0xc8, 0x01, 0x29, 0xf0, 0x81, 0x3d, 0x94, 0xc3, 0x38, 0xd0, 
    0xc3, 0x3b, 0xc8, 0x03, 0x1f, 0x98, 0x03, 0x3b, 0xbc, 0x43, 0x38, 0xd0, 
    0x03, 0x1b, 0x80, 0x01, 0x1d, 0xf8, 0x01, 0x18, 0xf8, 0x01, 0x12, 0x42, 
    0x91, 0xc6, 0x99, 0xc8, 0x60, 0x1c, 0xd8, 0x21, 0x1c, 0xe6, 0x61, 0x1e, 
    0xdc, 0x40, 0x16, 0x6e, 0x81, 0x16, 0xca, 0x01, 0x1f, 0xe8, 0xa1, 0x1e, 
    0xe4, 0xa1, 0x1c, 0xe4, 0x80, 0x14, 0xf8, 0xc0, 0x1e, 0xca, 0x61, 0x1c, 
    0xe8, 0xe1, 0x1d, 0xe4, 0x81, 0x0f, 0xcc, 0x81, 0x1d, 0xde, 0x21, 0x1c, 
    0xe8, 0x81, 0x0d, 0xc0, 0x80, 0x0e, 0xfc, 0x00, 0x0c, 0xfc, 0x00, 0x05, 
    0x21, 0x95, 0x67, 0xa4, 0x40, 0x04, 0x30, 0x12, 0x22, 0x83, 0xc1, 0x18, 
    0x06, 0xc3, 0x18, 0x8c, 0xc1, 0x30, 0x86, 0x61, 0x30, 0x8c, 0x61, 0x30, 
    0x86, 0x61, 0x30, 0x86, 0xc1, 0x30, 0x0c, 0xc3, 0x18, 0x86, 0xc1, 0x30, 
    0x0c, 0x3a, 0xa7, 0x00, 0x00, 0x00, 0x00, 0x00, 0x13, 0x14, 0x72, 0xc0, 
    0x87, 0x74, 0x60, 0x87, 0x36, 0x68, 0x87, 0x79, 0x68, 0x03, 0x72, 0xc0, 
    0x87, 0x0d, 0xaf, 0x50, 0x0e, 0x6d, 0xd0, 0x0e, 0x7a, 0x50, 0x0e, 0x6d, 
    0x00, 0x0f, 0x7a, 0x30, 0x07, 0x72, 0xa0, 0x07, 0x73, 0x20, 0x07, 0x6d, 
    0x90, 0x0e, 0x71, 0xa0, 0x07, 0x73, 0x20, 0x07, 0x6d, 0x90, 0x0e, 0x78, 
    0xa0, 0x07, 0x73, 0x20, 0x07, 0x6d, 0x90, 0x0e, 0x71, 0x60, 0x07, 0x7a, 
    0x30, 0x07, 0x72, 0xd0, 0x06, 0xe9, 0x30, 0x07, 0x72, 0xa0, 0x07, 0x73, 
    0x20, 0x07, 0x6d, 0x90, 0x0e, 0x76, 0x40, 0x07, 0x7a, 0x60, 0x07, 0x74, 
    0xd0, 0x06, 0xe6, 0x10, 0x07, 0x76, 0xa0, 0x07, 0x73, 0x20, 0x07, 0x6d, 
    0x60, 0x0e, 0x73, 0x20, 0x07, 0x7a, 0x30, 0x07, 0x72, 0xd0, 0x06, 0xe6, 
    0x60, 0x07, 0x74, 0xa0, 0x07, 0x76, 0x40, 0x07, 0x6d, 0xe0, 0x0e, 0x78, 
    0xa0, 0x07, 0x71, 0x60, 0x07, 0x7a, 0x30, 0x07, 0x72, 0xa0, 0x07, 0x76, 
    0x40, 0x07, 0x43, 0x9e, 0x00, 0x00, 0x00, 0x00, 0x00, 0x00, 0x00, 0x00, 
    0x00, 0x00, 0x00, 0x86, 0x3c, 0x04, 0x10, 0x00, 0x01, 0x00, 0x00, 0x00, 
    0x00, 0x00, 0x00, 0x00, 0x0c, 0x79, 0x16, 0x20, 0x00, 0x04, 0x00, 0x00, 
    0x00, 0x00, 0x00, 0x00, 0x00, 0x18, 0xf2, 0x34, 0x40, 0x00, 0x04, 0x00, 
    0x00, 0x00, 0x00, 0x00, 0x00, 0x00, 0x30, 0xe4, 0x79, 0x80, 0x00, 0x08, 
    0x00, 0x00, 0x00, 0x00, 0x00, 0x00, 0x00, 0x60, 0xc8, 0x13, 0x01, 0x01, 
    0x30, 0x00, 0x00, 0x00, 0x00, 0x00, 0x00, 0x00, 0xc0, 0x90, 0x87, 0x02, 
    0x02, 0x20, 0x00, 0x00, 0x00, 0x00, 0x00, 0x00, 0x00, 0x80, 0x21, 0x8f, 
    0x05, 0x04, 0x40, 0x00, 0x00, 0x00, 0x00, 0x00, 0x00, 0x00, 0x00, 0x43, 
    0x9e, 0x0c, 0x08, 0x00, 0x01, 0x00, 0x00, 0x00, 0x00, 0x00, 0x00, 0x00, 
    0x86, 0x3c, 0x1c, 0x10, 0x00, 0x02, 0x00, 0x00, 0x00, 0x00, 0x00, 0x00, 
    0x00, 0x0c, 0x79, 0x3c, 0x20, 0x00, 0x04, 0x00, 0x00, 0x00, 0x00, 0x00, 
    0x00, 0x00, 0xc8, 0x02, 0x01, 0x00, 0x00, 0x00, 0x0b, 0x00, 0x00, 0x00, 
    0x32, 0x1e, 0x98, 0x14, 0x19, 0x11, 0x4c, 0x90, 0x8c, 0x09, 0x26, 0x47, 
    0xc6, 0x04, 0x43, 0x1a, 0x4a, 0x60, 0x04, 0xa0, 0x24, 0x8a, 0xa1, 0x08, 
    0x0a, 0x54, 0xa0, 0x10, 0x0a, 0x82, 0xa6, 0x11, 0x00, 0x22, 0x67, 0x00, 
    0xc8, 0x9c, 0x01, 0x20, 0x74, 0x06, 0x00, 0x00, 0x79, 0x18, 0x00, 0x00, 
    0x46, 0x00, 0x00, 0x00, 0x1a, 0x03, 0x4c, 0x90, 0x46, 0x02, 0x13, 0x44, 
    0x8f, 0x0c, 0x6f, 0xec, 0xed, 0x4d, 0x0c, 0x24, 0xc6, 0x25, 0xc7, 0x45, 
    0xc6, 0x06, 0x46, 0xc6, 0x25, 0xe6, 0x06, 0x04, 0x45, 0x26, 0x86, 0x4c, 
    0x06, 0xc7, 0xec, 0x46, 0xe6, 0x26, 0x65, 0x43, 0x10, 0x4c, 0x10, 0x86, 
    0x65, 0x82, 0x30, 0x30, 0x1b, 0x84, 0x81, 0x98, 0x20, 0x0c, 0xcd, 0x06, 
    0x61, 0x30, 0x28, 0x8c, 0xcd, 0x4d, 0x10, 0x06, 0x67, 0xc3, 0x80, 0x24, 
    0xc4, 0x04, 0x81, 0x0c, 0x28, 0x02, 0x13, 0x84, 0xe1, 0xd9, 0x20, 0x10, 
    0xc6, 0x86, 0x84, 0x58, 0x18, 0x82, 0x18, 0x1a, 0xc2, 0xd9, 0x90, 0x0c, 
    0x0b, 0x43, 0x0c, 0x43, 0x43, 0x38, 0x1b, 0x92, 0x66, 0x61, 0x88, 0x66, 
    0x68, 0x08, 0x67, 0xc3, 0xf0, 0x40, 0xd1, 0x04, 0xc1, 0x0c, 0xaa, 0x09, 
    0xc2, 0x34, 0x6d, 0x58, 0x88, 0x89, 0x21, 0x88, 0xa1, 0xa1, 0x28, 0xca, 
    0xd9, 0x10, 0x54, 0x13, 0x04, 0x34, 0xb0, 0x26, 0x08, 0x03, 0xb4, 0x01, 
    0x21, 0x2e, 0x86, 0x20, 0x06, 0x0c, 0xd8, 0x10, 0x64, 0x1b, 0x08, 0xc9, 
    0xd2, 0x80, 0x09, 0x82, 0x00, 0xd0, 0x18, 0x9a, 0x6a, 0x0a, 0x4b, 0x73, 
    0x9b, 0x20, 0x0c, 0xd1, 0x04, 0x61, 0x90, 0x36, 0x0c, 0xdf, 0x37, 0x6c, 
    0x10, 0x3c, 0x30, 0xd8, 0x50, 0x70, 0x1d, 0xb0, 0x85, 0x41, 0x15, 0x36, 
    0x36, 0xbb, 0x36, 0x97, 0x34, 0xb2, 0x32, 0x37, 0xba, 0x29, 0x41, 0x50, 
    0x85, 0x0c, 0xcf, 0xc5, 0xae, 0x4c, 0x6e, 0x2e, 0xed, 0xcd, 0x6d, 0x4a, 
    0x40, 0x34, 0x21, 0xc3, 0x73, 0xb1, 0x0b, 0x63, 0xb3, 0x2b, 0x93, 0x9b, 
    0x12, 0x18, 0x75, 0xc8, 0xf0, 0x5c, 0xe6, 0xd0, 0xc2, 0xc8, 0xca, 0xe4, 
    0x9a, 0xde, 0xc8, 0xca, 0xd8, 0xa6, 0x04, 0x49, 0x19, 0x32, 0x3c, 0x17, 
    0xb9, 0xb2, 0xb9, 0xb7, 0x3a, 0xb9, 0xb1, 0xb2, 0xb9, 0x29, 0x81, 0x56, 
    0x87, 0x0c, 0xcf, 0xa5, 0xcc, 0x8d, 0x4e, 0x2e, 0x0f, 0xea, 0x2d, 0xcd, 
    0x8d, 0x6e, 0x6e, 0x4a, 0x10, 0x06, 0x00, 0x00, 0x79, 0x18, 0x00, 0x00, 
    0x55, 0x00, 0x00, 0x00, 0x33, 0x08, 0x80, 0x1c, 0xc4, 0xe1, 0x1c, 0x66, 
    0x14, 0x01, 0x3d, 0x88, 0x43, 0x38, 0x84, 0xc3, 0x8c, 0x42, 0x80, 0x07, 
    0x79, 0x78, 0x07, 0x73, 0x98, 0x71, 0x0c, 0xe6, 0x00, 0x0f, 0xed, 0x10, 
    0x0e, 0xf4, 0x80, 0x0e, 0x33, 0x0c, 0x42, 0x1e, 0xc2, 0xc1, 0x1d, 0xce, 
    0xa1, 0x1c, 0x66, 0x30, 0x05, 0x3d, 0x88, 0x43, 0x38, 0x84, 0x83, 0x1b, 
    0xcc, 0x03, 0x3d, 0xc8, 0x43, 0x3d, 0x8c, 0x03, 0x3d, 0xcc, 0x78, 0x8c, 
    0x74, 0x70, 0x07, 0x7b, 0x08, 0x07, 0x79, 0x48, 0x87, 0x70, 0x70, 0x07, 
    0x7a, 0x70, 0x03, 0x76, 0x78, 0x87, 0x70, 0x20, 0x87, 0x19, 0xcc, 0x11, 
    0x0e, 0xec, 0x90, 0x0e, 0xe1, 0x30, 0x0f, 0x6e, 0x30, 0x0f, 0xe3, 0xf0, 
    0x0e, 0xf0, 0x50, 0x0e, 0x33, 0x10, 0xc4, 0x1d, 0xde, 0x21, 0x1c, 0xd8, 
    0x21, 0x1d, 0xc2, 0x61, 0x1e, 0x66, 0x30, 0x89, 0x3b, 0xbc, 0x83, 0x3b, 
    0xd0, 0x43, 0x39, 0xb4, 0x03, 0x3c, 0xbc, 0x83, 0x3c, 0x84, 0x03, 0x3b, 
    0xcc, 0xf0, 0x14, 0x76, 0x60, 0x07, 0x7b, 0x68, 0x07, 0x37, 0x68, 0x87, 
    0x72, 0x68, 0x07, 0x37, 0x80, 0x87, 0x70, 0x90, 0x87, 0x70, 0x60, 0x07, 
    0x76, 0x28, 0x07, 0x76, 0xf8, 0x05, 0x76, 0x78, 0x87, 0x77, 0x80, 0x87, 
    0x5f, 0x08, 0x87, 0x71, 0x18, 0x87, 0x72, 0x98, 0x87, 0x79, 0x98, 0x81, 
    0x2c, 0xee, 0xf0, 0x0e, 0xee, 0xe0, 0x0e, 0xf5, 0xc0, 0x0e, 0xec, 0x30, 
    0x03, 0x62, 0xc8, 0xa1, 0x1c, 0xe4, 0xa1, 0x1c, 0xcc, 0xa1, 0x1c, 0xe4, 
    0xa1, 0x1c, 0xdc, 0x61, 0x1c, 0xca, 0x21, 0x1c, 0xc4, 0x81, 0x1d, 0xca, 
    0x61, 0x06, 0xd6, 0x90, 0x43, 0x39, 0xc8, 0x43, 0x39, 0x98, 0x43, 0x39, 
    0xc8, 0x43, 0x39, 0xb8, 0xc3, 0x38, 0x94, 0x43, 0x38, 0x88, 0x03, 0x3b, 
    0x94, 0xc3, 0x2f, 0xbc, 0x83, 0x3c, 0xfc, 0x82, 0x3b, 0xd4, 0x03, 0x3b, 
    0xb0, 0xc3, 0x0c, 0xc4, 0x21, 0x07, 0x7c, 0x70, 0x03, 0x7a, 0x28, 0x87, 
    0x76, 0x80, 0x87, 0x19, 0xca, 0xc3, 0x0e, 0xec, 0x60, 0x0f, 0xed, 0xe0, 
    0x06, 0xec, 0xf0, 0x0e, 0xef, 0x00, 0x0f, 0x33, 0x22, 0x88, 0x1c, 0xf0, 
    0xc1, 0x0d, 0xc8, 0x41, 0x1c, 0xce, 0xc1, 0x0d, 0xec, 0x21, 0x1c, 0xe4, 
    0x81, 0x1d, 0xc2, 0x21, 0x1f, 0xde, 0xa1, 0x1e, 0xe8, 0x61, 0x06, 0x13, 
    0x91, 0x03, 0x3e, 0xb8, 0x81, 0x38, 0xc8, 0x43, 0x39, 0x84, 0xc3, 0x3a, 
    0xb8, 0x81, 0x38, 0xc8, 0x03, 0x00, 0x00, 0x00, 0x71, 0x20, 0x00, 0x00, 
    0x2e, 0x00, 0x00, 0x00, 0x06, 0x60, 0x70, 0xac, 0x09, 0x20, 0x8d, 0x11, 
    0x40, 0xc3, 0xe5, 0x3b, 0x8f, 0x1f, 0x20, 0x0d, 0x10, 0x61, 0x7e, 0x71, 
    0xdb, 0x76, 0x00, 0x0d, 0x97, 0xef, 0x3c, 0x7e, 0x80, 0x34, 0x40, 0x84, 
    0xf9, 0xc8, 0x6d, 0x5b, 0xc2, 0x36, 0x5c, 0xbe, 0xf3, 0xf8, 0x42, 0x40, 
    0x15, 0x05, 0x11, 0x95, 0x0e, 0x30, 0x94, 0x84, 0x01, 0x08, 0x98, 0x5f, 
    0xdc, 0xb6, 0x21, 0x6c, 0xc3, 0xe5, 0x3b, 0x8f, 0x2f, 0x04, 0x54, 0x51, 
    0x10, 0x51, 0xe9, 0x00, 0x43, 0x49, 0x18, 0x80, 0x80, 0xf9, 0xc8, 0x6d, 
    0x9b, 0x82, 0x34, 0x5c, 0xbe, 0xf3, 0xf8, 0x42, 0x44, 0x00, 0x13, 0x11, 
    0x02, 0xcd, 0xb0, 0x10, 0x66, 0x80, 0x0d, 0x97, 0xef, 0x3c, 0x3e, 0x22, 
    0xb1, 0x0f, 0x21, 0x20, 0xc0, 0xf2, 0x2d, 0x0e, 0x30, 0xf9, 0xc5, 0x6d, 
    0x9b, 0x40, 0x35, 0x5c, 0xbe, 0xf3, 0xf8, 0x13, 0x71, 0x4d, 0x54, 0x44, 
    0x94, 0x0e, 0x30, 0xf8, 0xc5, 0x6d, 0x5b, 0x81, 0x35, 0x5c, 0xbe, 0xf3, 
    0xf8, 0x13, 0x71, 0x4d, 0x54, 0x44, 0xb0, 0x93, 0x13, 0x11, 0x7e, 0x71, 
    0xdb, 0x16, 0x20, 0x0d, 0x97, 0xef, 0x3c, 0xfe, 0x74, 0x44, 0x04, 0x30, 
    0x88, 0x83, 0x8f, 0xdc, 0xb6, 0x0d, 0x3c, 0xc3, 0xe5, 0x3b, 0x8f, 0x4f, 
    0x35, 0x40, 0x84, 0xf9, 0xc5, 0x6d, 0x03, 0x00, 0x61, 0x20, 0x00, 0x00, 
    0x28, 0x0f, 0x00, 0x00, 0x13, 0x04, 0xa2, 0x12, 0x0b, 0x04, 0x00, 0x00, 
    0x24, 0x00, 0x00, 0x00, 0x34, 0x94, 0xd1, 0x0c, 0x40, 0x51, 0x14, 0x52, 
    0x69, 0x14, 0x61, 0x40, 0xd9, 0x95, 0x52, 0x31, 0x95, 0x5c, 0x0d, 0x94, 
    0x6e, 0x40, 0xd9, 0x94, 0x41, 0x19, 0x06, 0x10, 0x52, 0x1e, 0x45, 0x50, 
    0x02, 0x23, 0x00, 0x64, 0x8c, 0x11, 0xdc, 0x78, 0x3b, 0xb6, 0xdc, 0x18, 
    0x01, 0x08, 0x82, 0x20, 0xfc, 0x8d, 0x11, 0x80, 0x20, 0x08, 0x8a, 0x60, 
    0x30, 0x46, 0xb0, 0xfb, 0xa3, 0x4c, 0x82, 0xc1, 0x18, 0xc1, 0xee, 0x8f, 
    0x32, 0xff, 0x8d, 0x11, 0x80, 0x20, 0x08, 0xa2, 0x60, 0x30, 0x46, 0x00, 
    0x82, 0x20, 0xc8, 0x7f, 0x63, 0x04, 0x20, 0x08, 0x82, 0xf8, 0x2f, 0x8c, 
    0x11, 0xa8, 0x36, 0x3f, 0xd3, 0x78, 0x30, 0x46, 0xa0, 0xda, 0xfc, 0x4c, 
    0xe3, 0xc3, 0x18, 0x01, 0x08, 0x82, 0x20, 0x08, 0x0e, 0x63, 0x04, 0x7d, 
    0xdf, 0xb2, 0xb8, 0x36, 0x46, 0x00, 0x82, 0x20, 0x08, 0x82, 0xc1, 0x18, 
    0xc1, 0x3b, 0x93, 0x26, 0xda, 0x8d, 0x11, 0x80, 0x20, 0x08, 0xe2, 0xdf, 
    0x08, 0x00, 0x00, 0x00, 0x23, 0x06, 0x09, 0x00, 0x82, 0x60, 0xe0, 0xc1, 
    0x81, 0x26, 0xb9, 0x81, 0x1b, 0x9c, 0xc1, 0x88, 0x41, 0x02, 0x80, 0x20, 
    0x18, 0x78, 0x71, 0xb0, 0x49, 0x6c, 0xc0, 0x06, 0x68, 0x30, 0x62, 0x90, 
    0x00, 0x20, 0x08, 0x06, 0x9e, 0x1c, 0x70, 0x53, 0x1c, 0xc4, 0x41, 0x1a, 
    0x8c, 0x18, 0x24, 0x00, 0x08, 0x82, 0x81, 0x37, 0x07, 0x1d, 0x15, 0x07, 
    0x71, 0xa0, 0x06, 0x23, 0x06, 0x09, 0x00, 0x82, 0x60, 0xe0, 0xd1, 0x81, 
    0x77, 0xc9, 0x81, 0x1c, 0xac, 0xc1, 0x88, 0x81, 0x01, 0x80, 0x20, 0x18, 
    0x10, 0x7e, 0xd0, 0xcd, 0xc1, 0x88, 0x81, 0x01, 0x80, 0x20, 0x18, 0x10, 
    0x7f, 0xe0, 0xd5, 0xc1, 0x88, 0xc1, 0x01, 0x80, 0x20, 0x18, 0x64, 0x79, 
    0x40, 0x06, 0x43, 0x1d, 0x8c, 0x26, 0x04, 0xc2, 0x70, 0x03, 0x11, 0x90, 
    0xc1, 0x2c, 0x43, 0x10, 0x2a, 0xc1, 0x68, 0xc2, 0x30, 0x0c, 0x37, 0x14, 
    0x01, 0x19, 0xcc, 0x32, 0x08, 0xa1, 0x12, 0x8c, 0x18, 0x34, 0x00, 0x08, 
    0x82, 0xc1, 0x42, 0x0a, 0x6a, 0x90, 0xe8, 0xc1, 0x61, 0xb8, 0x81, 0x1b, 
    0xb8, 0x81, 0x1b, 0x8c, 0x26, 0x04, 0xc0, 0x68, 0x82, 0x10, 0x8c, 0x26, 
    0x0c, 0xc2, 0x68, 0x02, 0x31, 0x8c, 0x18, 0x1c, 0x00, 0x08, 0x82, 0x01, 
    0x27, 0x0a, 0x6e, 0xd0, 0xf0, 0xc1, 0x68, 0x42, 0x10, 0x8c, 0x18, 0x18, 
    0x00, 0x08, 0x82, 0x01, 0x75, 0x0a, 0x74, 0x10, 0x4c, 0x37, 0x08, 0x55, 
    0x30, 0x9a, 0x40, 0x08, 0x23, 0x06, 0x06, 0x00, 0x82, 0x60, 0x40, 0xa9, 
    0xc2, 0x1d, 0x04, 0xd3, 0x0d, 0x02, 0x16, 0xdc, 0x64, 0xd4, 0x4d, 0x46, 
    0x99, 0x60, 0xc0, 0xc7, 0x04, 0x02, 0x3e, 0x23, 0x06, 0x06, 0x00, 0x82, 
    0x60, 0xd0, 0xcc, 0xc2, 0x1c, 0x08, 0x23, 0x06, 0x06, 0x00, 0x82, 0x60, 
    0xd0, 0xd0, 0x02, 0x1d, 0x08, 0x46, 0x08, 0xf1, 0x31, 0x42, 0x88, 0x8f, 
    0x05, 0x62, 0x00, 0x9f, 0x11, 0x83, 0x03, 0x00, 0x41, 0x30, 0xc8, 0x66, 
    0xc1, 0x0f, 0x3a, 0x58, 0x18, 0x4d, 0x08, 0x84, 0xe1, 0x86, 0x40, 0x16, 
    0xc0, 0x60, 0xc4, 0xc0, 0x00, 0x40, 0x10, 0x0c, 0x9a, 0x5d, 0x80, 0x05, 
    0x62, 0x96, 0x61, 0x19, 0x84, 0xe1, 0x86, 0x01, 0x16, 0xc0, 0x60, 0x96, 
    0xa1, 0x20, 0x02, 0x43, 0x03, 0x21, 0x3e, 0x23, 0x06, 0x07, 0x00, 0x82, 
    0x60, 0xf0, 0xf4, 0x82, 0x2a, 0x04, 0x68, 0x30, 0x4b, 0xf0, 0x0c, 0x47, 
    0x10, 0x6c, 0x40, 0x7c, 0xb3, 0x0c, 0xc6, 0x13, 0x58, 0x61, 0x07, 0xf2, 
    0x19, 0x31, 0x30, 0x00, 0x10, 0x04, 0x83, 0x26, 0x1c, 0x6c, 0xc1, 0x18, 
    0x8e, 0x08, 0xf6, 0x80, 0xf8, 0x66, 0x19, 0x90, 0x23, 0x18, 0x31, 0x30, 
    0x00, 0x10, 0x04, 0x83, 0x66, 0x1c, 0x56, 0x61, 0xb0, 0x80, 0xa0, 0xcf, 
    0x2c, 0x01, 0x32, 0x50, 0x61, 0x08, 0x07, 0x38, 0x18, 0xb6, 0xf8, 0x81, 
    0x7c, 0x8c, 0xe1, 0x03, 0xf9, 0x8c, 0x18, 0x18, 0x00, 0x08, 0x82, 0x41, 
    0x83, 0x0e, 0xbd, 0x20, 0x0c, 0x47, 0x04, 0xa2, 0x40, 0x7c, 0xb3, 0x0c, 
    0x4a, 0x12, 0x8c, 0x18, 0x18, 0x00, 0x08, 0x82, 0x41, 0xa3, 0x0e, 0xb2, 
    0x30, 0x58, 0x40, 0xd0, 0x67, 0x96, 0x40, 0x19, 0xa8, 0x30, 0x84, 0xc4, 
    0x1d, 0x10, 0x0b, 0x10, 0xf9, 0xcc, 0x12, 0x3c, 0xc3, 0x11, 0x53, 0x1e, 
    0x10, 0xdf, 0x2c, 0x83, 0xc3, 0x04, 0xc3, 0x11, 0x14, 0x1f, 0x10, 0xdf, 
    0x2c, 0x43, 0xf3, 0x04, 0x56, 0xa1, 0x82, 0x7c, 0xcc, 0x2a, 0x05, 0xf9, 
    0x58, 0x2a, 0x08, 0xf1, 0x31, 0x0c, 0x93, 0x8f, 0x05, 0x82, 0x7c, 0x4c, 
    0x14, 0x88, 0xf8, 0x58, 0x20, 0xc0, 0x67, 0x96, 0xe0, 0x31, 0x8e, 0x93, 
    0x8f, 0x75, 0xab, 0x20, 0x1f, 0x0b, 0x04, 0xf9, 0xd8, 0x10, 0x0b, 0xf2, 
    0x31, 0x53, 0x08, 0xe2, 0x63, 0xc1, 0x00, 0x9f, 0x59, 0x82, 0x67, 0xa0, 
    0xc6, 0xf0, 0x03, 0x42, 0x70, 0x9c, 0xc6, 0x25, 0x18, 0x30, 0x50, 0x5c, 
    0xa2, 0xb0, 0x34, 0x48, 0x05, 0xf8, 0x8c, 0x18, 0x18, 0x00, 0x08, 0x82, 
    0x41, 0xf3, 0x0f, 0xf4, 0x10, 0xcc, 0x32, 0x60, 0x90, 0x19, 0x0c, 0x37, 
    0x9c, 0x01, 0x3d, 0x80, 0xc1, 0x2c, 0x83, 0x14, 0x05, 0xc6, 0x0a, 0x42, 
    0x7c, 0x46, 0x0c, 0x0e, 0x00, 0x04, 0xc1, 0xe0, 0x09, 0x09, 0x77, 0x08, 
    0x58, 0x61, 0x96, 0x80, 0x1b, 0x8e, 0x20, 0x60, 0x81, 0xf8, 0x66, 0x19, 
    0x26, 0x2e, 0xb0, 0x42, 0x17, 0xe4, 0x33, 0x62, 0x60, 0x00, 0x20, 0x08, 
    0x06, 0x4d, 0x49, 0xe8, 0x83, 0x31, 0x1c, 0x11, 0xfc, 0x02, 0xf1, 0xcd, 
    0x32, 0x54, 0x54, 0x30, 0x62, 0x60, 0x00, 0x20, 0x08, 0x06, 0xcd, 0x49, 
    0xbc, 0xc3, 0x60, 0x01, 0x41, 0x9f, 0x59, 0x82, 0x6a, 0xa0, 0xc2, 0x10, 
    0x28, 0xb4, 0x98, 0x6c, 0x11, 0x07, 0xf9, 0x18, 0x03, 0x0e, 0xf2, 0x19, 
    0x31, 0x30, 0x00, 0x10, 0x04, 0x83, 0x86, 0x25, 0x42, 0x42, 0x18, 0x8e, 
    0x08, 0xcc, 0x81, 0xf8, 0x66, 0x19, 0x2e, 0x2b, 0x18, 0x31, 0x30, 0x00, 
    0x10, 0x04, 0x83, 0xc6, 0x25, 0xec, 0x61, 0xb0, 0x80, 0xa0, 0xcf, 0x2c, 
    0xc1, 0x35, 0x50, 0x61, 0x08, 0x96, 0x5d, 0x54, 0x16, 0x20, 0xf2, 0x99, 
    0x25, 0xe0, 0x86, 0x23, 0xa6, 0x5e, 0x20, 0xbe, 0x59, 0x86, 0x2d, 0x0b, 
    0x86, 0x23, 0x28, 0x70, 0x20, 0xbe, 0x59, 0x06, 0x8d, 0x0b, 0xac, 0x62, 
    0x07, 0xf9, 0x98, 0x95, 0x0e, 0xf2, 0xb1, 0x76, 0x10, 0xe2, 0x63, 0x18, 
    0x26, 0x1f, 0x0b, 0x04, 0xf9, 0x98, 0x39, 0x10, 0xf1, 0xb1, 0x40, 0x80, 
    0xcf, 0x2c, 0x01, 0x67, 0x1c, 0x27, 0x1f, 0xeb, 0xde, 0x41, 0x3e, 0x16, 
    0x08, 0xf2, 0xb1, 0xa1, 0x1e, 0xe4, 0x63, 0xea, 0x10, 0xc4, 0xc7, 0x82, 
    0x01, 0x3e, 0xb3, 0x04, 0xdc, 0x40, 0x8d, 0xe1, 0x07, 0x91, 0xb0, 0x39, 
    0x9a, 0x6d, 0x64, 0x60, 0x70, 0xd9, 0x86, 0x64, 0x41, 0x19, 0xc8, 0xe7, 
    0x60, 0x61, 0xa0, 0x83, 0x85, 0x81, 0x4a, 0x38, 0x09, 0x28, 0x01, 0x25, 
    0xa0, 0xd0, 0x21, 0x25, 0xa0, 0xce, 0x41, 0x25, 0x60, 0xc4, 0xe0, 0x00, 
    0x40, 0x10, 0x0c, 0xac, 0xb2, 0x70, 0x09, 0x02, 0x2c, 0x46, 0x0c, 0x0e, 
    0x00, 0x04, 0xc1, 0xc0, 0x32, 0x8b, 0x97, 0x20, 0xc2, 0x62, 0xc4, 0xe0, 
    0x00, 0x40, 0x10, 0x0c, 0xac, 0xb3, 0x78, 0x09, 0x81, 0x18, 0x31, 0x38, 
    0x00, 0x10, 0x04, 0x03, 0x0b, 0x2d, 0x60, 0x42, 0x20, 0x46, 0x0c, 0x1a, 
    0x00, 0x04, 0xc1, 0x60, 0x71, 0x0b, 0x9a, 0xa0, 0x07, 0xb2, 0x10, 0x02, 
    0x9c, 0xc0, 0x09, 0x9c, 0xc0, 0x89, 0xd1, 0x84, 0x00, 0x18, 0x4d, 0x10, 
    0x82, 0xd1, 0x84, 0x41, 0x18, 0x31, 0x30, 0x00, 0x10, 0x04, 0x03, 0xca, 
    0x2d, 0x76, 0x62, 0x98, 0x6e, 0x20, 0xf8, 0x21, 0x18, 0x31, 0x30, 0x00, 
    0x10, 0x04, 0x03, 0x0a, 0x2e, 0x7a, 0x82, 0x98, 0x6e, 0x28, 0xfc, 0x21, 
    0x18, 0x31, 0x30, 0x00, 0x10, 0x04, 0x03, 0x4a, 0x2e, 0x7e, 0xa2, 0x98, 
    0x6e, 0x30, 0x40, 0x22, 0x18, 0x31, 0x68, 0x00, 0x10, 0x04, 0x83, 0x05, 
    0x2f, 0x7c, 0xe2, 0x1f, 0xdc, 0x82, 0x59, 0xc4, 0x42, 0x2c, 0xc4, 0x42, 
    0x2c, 0x46, 0x13, 0x02, 0x60, 0x34, 0x41, 0x08, 0x46, 0x13, 0x06, 0x61, 
    0xc4, 0xc0, 0x00, 0x40, 0x10, 0x0c, 0x28, 0xbc, 0x28, 0x8b, 0x61, 0xba, 
    0x81, 0x30, 0x89, 0x60, 0xc4, 0xc0, 0x00, 0x40, 0x10, 0x0c, 0x28, 0xbd, 
    0x38, 0x0b, 0x62, 0xba, 0xa1, 0x40, 0x89, 0x60, 0xc4, 0xc0, 0x00, 0x40, 
    0x10, 0x0c, 0x28, 0xbe, 0x48, 0x8b, 0x62, 0xba, 0xc1, 0x50, 0x89, 0x60, 
    0xc4, 0xe0, 0x00, 0x40, 0x10, 0x0c, 0x32, 0xbe, 0x38, 0x0b, 0x93, 0x00, 
    0x8b, 0xd1, 0x84, 0x20, 0x18, 0x6e, 0x08, 0xf6, 0x02, 0x0c, 0x66, 0x19, 
    0xbc, 0x2e, 0x30, 0x09, 0x89, 0x8f, 0x45, 0x47, 0x7c, 0x0c, 0x32, 0xe2, 
    0x33, 0x4b, 0xf0, 0x8d, 0x18, 0x1c, 0x00, 0x08, 0x82, 0x01, 0x17, 0x1a, 
    0x6d, 0xc1, 0x12, 0x7f, 0x31, 0x9a, 0x10, 0x0c, 0x23, 0x06, 0x07, 0x00, 
    0x82, 0x60, 0xf0, 0xa0, 0x46, 0x5d, 0x04, 0x34, 0x31, 0x62, 0x70, 0x00, 
    0x20, 0x08, 0x06, 0x4f, 0x6a, 0xd8, 0x05, 0x46, 0x13, 0x23, 0x06, 0x07, 
    0x00, 0x82, 0x60, 0xf0, 0xa8, 0xc6, 0x5d, 0x5c, 0x35, 0x31, 0x62, 0x70, 
    0x00, 0x20, 0x08, 0x06, 0xcf, 0x6a, 0xe0, 0x85, 0x65, 0x13, 0x36, 0xe4, 
    0x04, 0x7c, 0x6c, 0xd0, 0x09, 0xf8, 0xd8, 0xb0, 0x13, 0xf0, 0x19, 0x31, 
    0x38, 0x00, 0x10, 0x04, 0x83, 0xe7, 0x35, 0xf8, 0x82, 0xd2, 0x89, 0x11, 
    0x83, 0x03, 0x00, 0x41, 0x30, 0x78, 0x60, 0xa3, 0x2f, 0xa6, 0x9d, 0x18, 
    0x31, 0x38, 0x00, 0x10, 0x04, 0x83, 0x27, 0x36, 0xfc, 0x42, 0xe2, 0x09, 
    0x1b, 0x7e, 0x02, 0x3e, 0x36, 0x80, 0x05, 0x7c, 0x6c, 0x08, 0x0b, 0xf8, 
    0x58, 0x32, 0xd0, 0xc7, 0x92, 0x81, 0x3e, 0x96, 0x0c, 0xf4, 0x19, 0x31, 
    0x38, 0x00, 0x10, 0x04, 0x83, 0x07, 0x37, 0x4a, 0x63, 0x18, 0x8b, 0x11, 
    0x83, 0x03, 0x00, 0x41, 0x30, 0x78, 0x72, 0xc3, 0x34, 0x06, 0xb2, 0x18, 
    0x31, 0x38, 0x00, 0x10, 0x04, 0x83, 0x47, 0x37, 0x4e, 0x63, 0x28, 0x8b, 
    0x11, 0x83, 0x03, 0x00, 0x41, 0x30, 0x78, 0x76, 0xa3, 0x34, 0x86, 0x69, 
    0xc4, 0xe0, 0x00, 0x40, 0x10, 0x0c, 0x1e, 0xde, 0x30, 0x8d, 0x81, 0x1a, 
    0x31, 0x38, 0x00, 0x10, 0x04, 0x83, 0xa7, 0x37, 0x4e, 0x63, 0xa8, 0x66, 
    0x09, 0xbe, 0x81, 0x0a, 0xc3, 0xf0, 0xec, 0xa0, 0x1b, 0xa8, 0x30, 0x0c, 
    0xcf, 0x0e, 0xba, 0x81, 0x0a, 0xc3, 0xf0, 0xec, 0xa0, 0xb3, 0x01, 0x14, 
    0xe4, 0x63, 0x43, 0x28, 0xc8, 0xc7, 0x06, 0x51, 0x90, 0xcf, 0x88, 0x81, 
    0x01, 0x80, 0x20, 0x18, 0x34, 0xe5, 0xa1, 0x1b, 0x30, 0x31, 0xcb, 0x80, 
    0x06, 0x60, 0xc0, 0x12, 0xc3, 0x0d, 0x2d, 0xa1, 0x1b, 0x60, 0x30, 0xcb, 
    0x20, 0x06, 0x61, 0x10, 0x98, 0x5c, 0x08, 0xf1, 0x19, 0x31, 0x38, 0x00, 
    0x10, 0x04, 0x83, 0xe7, 0x3c, 0x68, 0x23, 0x90, 0x8b, 0x59, 0x02, 0x36, 
    0x18, 0x8e, 0x20, 0xec, 0x82, 0xf8, 0x66, 0x19, 0xc6, 0x80, 0x0d, 0x02, 
    0x2b, 0x40, 0x43, 0x3e, 0x23, 0x06, 0x06, 0x00, 0x82, 0x60, 0xd0, 0xac, 
    0x07, 0x78, 0x18, 0xc3, 0x11, 0x41, 0x69, 0x10, 0xdf, 0x2c, 0x43, 0x19, 
    0x90, 0x41, 0x30, 0x62, 0x60, 0x00, 0x20, 0x08, 0x06, 0x4d, 0x7b, 0xd4, 
    0xc6, 0x60, 0x01, 0x41, 0x9f, 0x59, 0x82, 0x32, 0x18, 0xa8, 0x30, 0x04, 
    0x32, 0xa0, 0x97, 0x31, 0xb0, 0x05, 0x35, 0xe4, 0x63, 0x8c, 0x69, 0xc8, 
    0x67, 0xc4, 0xc0, 0x00, 0x40, 0x10, 0x0c, 0x1a, 0xf9, 0x38, 0x0f, 0x61, 
    0x38, 0x22, 0x60, 0x0d, 0xe2, 0x9b, 0x65, 0x38, 0x03, 0x33, 0x08, 0x46, 
    0x0c, 0x0c, 0x00, 0x04, 0xc1, 0xa0, 0xa1, 0x0f, 0xde, 0x18, 0x2c, 0x20, 
    0xe8, 0x33, 0x4b, 0x70, 0x06, 0x03, 0x15, 0x86, 0x60, 0x06, 0x22, 0x53, 
    0x06, 0x16, 0x20, 0xf2, 0x99, 0x25, 0x60, 0x83, 0xe1, 0x88, 0x69, 0x34, 
    0x88, 0x6f, 0x96, 0x61, 0x0d, 0xd2, 0x20, 0x18, 0x8e, 0xa0, 0x4c, 0x83, 
    0xf8, 0x66, 0x19, 0xd4, 0x80, 0x0d, 0x02, 0xab, 0x64, 0x43, 0x3e, 0x66, 
    0xbd, 0x86, 0x7c, 0x6c, 0x36, 0x84, 0xf8, 0x18, 0x86, 0xc9, 0xc7, 0x02, 
    0x41, 0x3e, 0xc6, 0x1a, 0x44, 0x7c, 0x2c, 0x10, 0xe0, 0x33, 0x4b, 0xc0, 
    0x06, 0xc6, 0x71, 0xf2, 0xb1, 0xae, 0x36, 0xe4, 0x63, 0x81, 0x20, 0x1f, 
    0x1b, 0x76, 0x43, 0x3e, 0x06, 0x1b, 0x41, 0x7c, 0x2c, 0x18, 0xe0, 0x33, 
    0x4b, 0xc0, 0x06, 0x03, 0x35, 0x86, 0x1f, 0x84, 0x81, 0xb0, 0x06, 0x8e, 
    0x1a, 0x88, 0x4d, 0x1a, 0x80, 0xc1, 0x19, 0x88, 0x8d, 0x18, 0x58, 0xb0, 
    0x12, 0xf2, 0x19, 0x31, 0x38, 0x00, 0x10, 0x04, 0x03, 0xab, 0x44, 0xdc, 
    0xc3, 0x1c, 0x40, 0x64, 0xc4, 0xe0, 0x00, 0x40, 0x10, 0x0c, 0x2c, 0x13, 
    0x71, 0x8f, 0x60, 0x1c, 0x46, 0x0c, 0x1a, 0x00, 0x04, 0xc1, 0x60, 0x61, 
    0x11, 0xf9, 0x90, 0x0d, 0x11, 0x09, 0x7e, 0xc1, 0x3e, 0xec, 0xc3, 0x3e, 
    0xec, 0x63, 0x34, 0x21, 0x00, 0x46, 0x13, 0x84, 0x60, 0x34, 0x61, 0x10, 
    0x46, 0x0c, 0x0c, 0x00, 0x04, 0xc1, 0x80, 0x62, 0x91, 0xfc, 0x18, 0xa6, 
    0x1b, 0x08, 0xdd, 0x08, 0x46, 0x0c, 0x0c, 0x00, 0x04, 0xc1, 0x80, 0x72, 
    0x91, 0xfd, 0x20, 0xa6, 0x1b, 0x0a, 0xde, 0x08, 0x46, 0x0c, 0x0c, 0x00, 
    0x04, 0xc1, 0x80, 0x82, 0x91, 0xfe, 0x28, 0xa6, 0x1b, 0x0c, 0xdf, 0x08, 
    0x46, 0x0c, 0x1a, 0x00, 0x04, 0xc1, 0x60, 0xb1, 0x11, 0xfe, 0xe8, 0x0d, 
    0x16, 0x59, 0xd2, 0x01, 0x44, 0x40, 0x04, 0x44, 0x40, 0x64, 0x34, 0x21, 
    0x00, 0x46, 0x13, 0x84, 0x60, 0x34, 0x61, 0x10, 0x46, 0x0c, 0x0c, 0x00, 
    0x04, 0xc1, 0x80, 0xb2, 0x91, 0x11, 0x19, 0xa6, 0x1b, 0x08, 0xf2, 0x08, 
    0x46, 0x0c, 0x0c, 0x00, 0x04, 0xc1, 0x80, 0xc2, 0x91, 0x12, 0x21, 0xa6, 
    0x1b, 0x0a, 0xf3, 0x08, 0x46, 0x0c, 0x0c, 0x00, 0x04, 0xc1, 0x80, 0xd2, 
    0x91, 0x13, 0x29, 0xa6, 0x1b, 0x0c, 0xf4, 0x08, 0x66, 0x19, 0xdc, 0xa0, 
    0x0d, 0x78, 0xc1, 0x9e, 0x22, 0x3e, 0xe6, 0x10, 0xf1, 0xb1, 0x66, 0x88, 
    0xcf, 0x2c, 0xc1, 0x1b, 0x8c, 0x18, 0x1c, 0x00, 0x08, 0x82, 0x01, 0xc7, 
    0x23, 0x28, 0x72, 0x1e, 0x3a, 0x32, 0x9a, 0x10, 0x0c, 0x23, 0x06, 0x07, 
    0x00, 0x82, 0x60, 0xf0, 0x8c, 0x09, 0x8c, 0x04, 0xef, 0x31, 0x62, 0x70, 
    0x00, 0x20, 0x08, 0x06, 0x0f, 0x99, 0xc4, 0x48, 0xf5, 0x1e, 0x23, 0x06, 
    0x07, 0x00, 0x82, 0x60, 0xf0, 0x94, 0x89, 0x8c, 0x50, 0xf0, 0x31, 0x62, 
    0x70, 0x00, 0x20, 0x08, 0x06, 0x8f, 0x99, 0xcc, 0xc8, 0x14, 0x1f, 0x36, 
    0xd0, 0x07, 0x7c, 0x6c, 0xa8, 0x0f, 0xf8, 0xd8, 0x60, 0x1f, 0xf0, 0x19, 
    0x31, 0x38, 0x00, 0x10, 0x04, 0x83, 0x47, 0x4d, 0x6e, 0x24, 0xaa, 0x8f, 
    0x11, 0x83, 0x03, 0x00, 0x41, 0x30, 0x78, 0xd6, 0x04, 0x47, 0x20, 0xfb, 
    0x18, 0x31, 0x38, 0x00, 0x10, 0x04, 0x83, 0x87, 0x4d, 0x72, 0xe4, 0xb9, 
    0x0f, 0x1b, 0xf4, 0x03, 0x3e, 0x36, 0xec, 0x07, 0x7c, 0x6c, 0xe0, 0x0f, 
    0xf8, 0x58, 0x32, 0xd0, 0xc7, 0x92, 0x81, 0x3e, 0x96, 0x0c, 0xf4, 0x19, 
    0x31, 0x38, 0x00, 0x10, 0x04, 0x83, 0x67, 0x4e, 0xc0, 0x64, 0xf0, 0x8f, 
    0x11, 0x83, 0x03, 0x00, 0x41, 0x30, 0x78, 0xe8, 0x24, 0x4c, 0x86, 0xff, 
    0x18, 0x31, 0x38, 0x00, 0x10, 0x04, 0x83, 0xa7, 0x4e, 0xc4, 0x64, 0x00, 
    0x91, 0x11, 0x83, 0x03, 0x00, 0x41, 0x30, 0x78, 0xec, 0x04, 0x4c, 0x86, 
    0x69, 0xc4, 0xe0, 0x00, 0x40, 0x10, 0x0c, 0x9e, 0x3b, 0x09, 0x93, 0x81, 
    0x1a, 0x31, 0x38, 0x00, 0x10, 0x04, 0x83, 0x07, 0x4f, 0xc4, 0x64, 0xa8, 
    0x66, 0x09, 0xde, 0x60, 0xa0, 0xc2, 0x30, 0xdc, 0xc0, 0x0e, 0xda, 0x60, 
    0xa0, 0xc2, 0x30, 0xdc, 0xc0, 0x0e, 0xda, 0x60, 0xa0, 0xc2, 0x30, 0xdc, 
    0xc0, 0x0e, 0xda, 0xc0, 0x86, 0x3a, 0x90, 0x8f, 0x0d, 0x76, 0x20, 0x1f, 
    0x1b, 0xee, 0x40, 0x3e, 0x36, 0xf8, 0x02, 0x7c, 0x6c, 0xf0, 0x05, 0xf8, 
    0xd8, 0xe0, 0x0b, 0xf0, 0x31, 0x3e, 0x10, 0x0b, 0xf8, 0xd8, 0x7b, 0xd8, 
    0x08, 0x7c, 0x46, 0x0c, 0x0c, 0x00, 0x04, 0xc1, 0xa0, 0x29, 0x15, 0x3d, 
    0x09, 0x66, 0x19, 0xf0, 0x00, 0x0e, 0xd8, 0x63, 0xb8, 0xa1, 0x3d, 0xf4, 
    0x04, 0x0c, 0x66, 0x19, 0xe4, 0x20, 0x0e, 0x02, 0x93, 0x11, 0x21, 0x3e, 
    0x23, 0x06, 0x07, 0x00, 0x82, 0x60, 0xf0, 0x9c, 0x0a, 0x9d, 0x04, 0x32, 
    0x32, 0x4b, 0xc0, 0x07, 0xc3, 0x11, 0x84, 0x8d, 0x10, 0xdf, 0x2c, 0xc3, 
    0x1c, 0xf0, 0x41, 0x60, 0x05, 0x98, 0xc8, 0x67, 0xc4, 0xc0, 0x00, 0x40, 
    0x10, 0x0c, 0x9a, 0x55, 0x01, 0x15, 0x63, 0x38, 0x22, 0x28, 0x13, 0xe2, 
    0x9b, 0x65, 0xa8, 0x03, 0x3a, 0x08, 0x46, 0x0c, 0x0c, 0x00, 0x04, 0xc1, 
    0xa0, 0x69, 0x95, 0x3a, 0x19, 0x2c, 0x20, 0xe8, 0x33, 0x4b, 0x50, 0x07, 
    0x03, 0x15, 0x86, 0x40, 0x07, 0x74, 0x34, 0x07, 0xb6, 0xa0, 0x89, 0x7c, 
    0x8c, 0x31, 0x13, 0xf9, 0x8c, 0x18, 0x18, 0x00, 0x08, 0x82, 0x41, 0x23, 
    0x2b, 0xa7, 0x22, 0x0c, 0x47, 0x04, 0x6c, 0x42, 0x7c, 0xb3, 0x0c, 0x77, 
    0x60, 0x07, 0xc1, 0x88, 0x81, 0x01, 0x80, 0x20, 0x18, 0x34, 0xb4, 0xc2, 
    0x27, 0x83, 0x05, 0x04, 0x7d, 0x66, 0x09, 0xee, 0x60, 0xa0, 0xc2, 0x10, 
    0xec, 0x40, 0x94, 0xea, 0xc0, 0x02, 0x44, 0x3e, 0xb3, 0x04, 0x7c, 0x30, 
    0x1c, 0x31, 0x8d, 0x09, 0xf1, 0xcd, 0x32, 0xec, 0x41, 0x1e, 0x04, 0xc3, 
    0x11, 0x94, 0x99, 0x10, 0xdf, 0x2c, 0x83, 0x1e, 0xf0, 0x41, 0x60, 0x95, 
    0x9c, 0xc8, 0xc7, 0xac, 0x37, 0x91, 0x8f, 0xcd, 0x89, 0x10, 0x1f, 0xc3, 
    0x30, 0xf9, 0x58, 0x20, 0xc8, 0xc7, 0xd8, 0x84, 0x88, 0x8f, 0x05, 0x02, 
    0x7c, 0x66, 0x09, 0xf8, 0xc0, 0x38, 0x4e, 0x3e, 0xd6, 0xd5, 0x89, 0x7c, 
    0x2c, 0x10, 0xe4, 0x63, 0xc3, 0x9e, 0xc8, 0xc7, 0xe0, 0x24, 0x88, 0x8f, 
    0x05, 0x03, 0x7c, 0x66, 0x09, 0xf8, 0x60, 0xa0, 0xc6, 0xf0, 0x83, 0x38, 
    0x10, 0xf6, 0xc0, 0xd1, 0x03, 0x71, 0xca, 0x03, 0x30, 0xb8, 0x03, 0x71, 
    0x92, 0x03, 0x0b, 0xd6, 0x43, 0x3e, 0x65, 0x1a, 0xe1, 0x02, 0x23, 0x06, 
    0x07, 0x00, 0x82, 0x60, 0x60, 0x99, 0xcb, 0xab, 0x04, 0xe1, 0x32, 0x62, 
    0x70, 0x00, 0x20, 0x08, 0x06, 0xd6, 0xb9, 0xbc, 0x4a, 0x40, 0x1a, 0x23, 
    0x06, 0x0d, 0x00, 0x82, 0x60, 0xb0, 0xb4, 0xcb, 0xac, 0xcc, 0xc9, 0xb8, 
    0x04, 0xa0, 0x71, 0x2b, 0xb7, 0x72, 0x2b, 0xb7, 0x32, 0x9a, 0x10, 0x00, 
    0xa3, 0x09, 0x42, 0x30, 0x9a, 0x30, 0x08, 0x23, 0x06, 0x06, 0x00, 0x82, 
    0x60, 0x40, 0xb5, 0x8b, 0xae, 0x0c, 0xd3, 0x0d, 0xc4, 0x9e, 0x04, 0x23, 
    0x06, 0x06, 0x00, 0x82, 0x60, 0x40, 0xbd, 0x0b, 0xaf, 0x10, 0xd3, 0x0d, 
    0x45, 0x9f, 0x04, 0x23, 0x06, 0x06, 0x00, 0x82, 0x60, 0x40, 0xc5, 0x8b, 
    0xaf, 0x14, 0xd3, 0x0d, 0xc6, 0x9f, 0x04, 0x23, 0x06, 0x0d, 0x00, 0x82, 
    0x60, 0xb0, 0xdc, 0x4b, 0xaf, 0xf8, 0x49, 0xbb, 0x2c, 0xaa, 0x11, 0x2e, 
    0xe1, 0x12, 0x2e, 0xe1, 0x32, 0x9a, 0x10, 0x00, 0xa3, 0x09, 0x42, 0x30, 
    0x9a, 0x30, 0x08, 0x23, 0x06, 0x06, 0x00, 0x82, 0x60, 0x40, 0xdd, 0x0b, 
    0xb9, 0x0c, 0xd3, 0x0d, 0x44, 0xa9, 0x04, 0x23, 0x06, 0x06, 0x00, 0x82, 
    0x60, 0x40, 0xe5, 0x8b, 0xb9, 0x10, 0xd3, 0x0d, 0xc5, 0xa9, 0x04, 0x23, 
    0x06, 0x06, 0x00, 0x82, 0x60, 0x40, 0xed, 0x0b, 0xba, 0x14, 0xd3, 0x0d, 
    0x46, 0xaa, 0x04, 0xb3, 0x0c, 0x7e, 0xd0, 0x07, 0x7d, 0x61, 0x4f, 0x11, 
    0x1f, 0x73, 0x88, 0xf8, 0x58, 0x33, 0xc4, 0x67, 0x96, 0xe0, 0x0f, 0x46, 
    0x0c, 0x0e, 0x00, 0x04, 0xc1, 0x80, 0xeb, 0x97, 0x74, 0x41, 0x95, 0x7d, 
    0x19, 0x4d, 0x08, 0x86, 0x11, 0x83, 0x03, 0x00, 0x41, 0x30, 0x78, 0x48, 
    0x26, 0x5e, 0x02, 0x58, 0x19, 0x31, 0x38, 0x00, 0x10, 0x04, 0x83, 0xa7, 
    0x64, 0xe4, 0xa5, 0x82, 0x95, 0x11, 0x83, 0x03, 0x00, 0x41, 0x30, 0x78, 
    0x4c, 0x66, 0x5e, 0xa8, 0x58, 0x19, 0x31, 0x38, 0x00, 0x10, 0x04, 0x83, 
    0xe7, 0x64, 0xe8, 0x65, 0x92, 0x15, 0x1b, 0x6a, 0x05, 0x3e, 0x36, 0xd8, 
    0x0a, 0x7c, 0x6c, 0xb8, 0x15, 0xf8, 0x8c, 0x18, 0x1c, 0x00, 0x08, 0x82, 
    0xc1, 0xb3, 0x32, 0xf8, 0x12, 0xd9, 0xca, 0x88, 0xc1, 0x01, 0x80, 0x20, 
    0x18, 0x3c, 0x2c, 0x93, 0x2f, 0xd0, 0xad, 0x8c, 0x18, 0x1c, 0x00, 0x08, 
    0x82, 0xc1, 0xd3, 0x32, 0xfa, 0xf2, 0xe0, 0x8a, 0x0d, 0xbb, 0x02, 0x1f, 
    0x1b, 0x78, 0x05, 0x3e, 0x36, 0xf4, 0x0a, 0x7c, 0x2c, 0x19, 0xe8, 0x63, 
    0xc9, 0x40, 0x1f, 0x4b, 0x06, 0xfa, 0x8c, 0x18, 0x1c, 0x00, 0x08, 0x82, 
    0xc1, 0x43, 0x33, 0x21, 0x33, 0xfc, 0xca, 0x88, 0xc1, 0x01, 0x80, 0x20, 
    0x18, 0x3c, 0x35, 0x23, 0x32, 0x03, 0xb8, 0x8c, 0x18, 0x1c, 0x00, 0x08, 
    0x82, 0xc1, 0x63, 0x33, 0x23, 0x33, 0x84, 0xcb, 0x88, 0xc1, 0x01, 0x80, 
    0x20, 0x18, 0x3c, 0x37, 0x13, 0x32, 0xc3, 0x34, 0x62, 0x70, 0x00, 0x20, 
    0x08, 0x06, 0x0f, 0xce, 0x88, 0xcc, 0x40, 0x8d, 0x18, 0x1c, 0x00, 0x08, 
    0x82, 0xc1, 0x93, 0x33, 0x23, 0x33, 0x54, 0xb3, 0x04, 0x7f, 0x30, 0x50, 
    0x61, 0x18, 0x7e, 0x60, 0x07, 0x7d, 0x30, 0x50, 0x61, 0x18, 0x7e, 0x60, 
    0x07, 0x7d, 0x30, 0x50, 0x61, 0x18, 0x7e, 0x60, 0x07, 0x7d, 0x60, 0x83, 
    0x1d, 0xc8, 0xc7, 0x86, 0x3b, 0x90, 0x8f, 0x0d, 0x78, 0x20, 0x1f, 0x0b, 
    0x87, 0x01, 0x3e, 0x16, 0x0e, 0x03, 0x7c, 0x2c, 0x1c, 0x06, 0xf8, 0x58, 
    0x38, 0xf4, 0x01, 0x7c, 0x0c, 0x56, 0xe8, 0x05, 0x3e, 0x23, 0x06, 0x06, 
    0x00, 0x82, 0x60, 0xd0, 0x98, 0xcd, 0xce, 0x04, 0xb3, 0x0c, 0xa8, 0x00, 
    0x0a, 0xad, 0x32, 0xdc, 0xe0, 0x2a, 0x3b, 0x03, 0x06, 0xb3, 0x0c, 0xa2, 
    0x10, 0x0a, 0x81, 0xcd, 0x8b, 0x10, 0x9f, 0x11, 0x83, 0x03, 0x00, 0x41, 
    0x30, 0x78, 0xd0, 0xa6, 0x66, 0x82, 0x79, 0x99, 0x25, 0x60, 0x85, 0xe1, 
    0x08, 0xe2, 0x5e, 0x88, 0x6f, 0x96, 0x61, 0x14, 0x58, 0x21, 0xb0, 0x22, 
    0x64, 0xe4, 0x33, 0x62, 0x60, 0x00, 0x20, 0x08, 0x06, 0x0d, 0xdb, 0x84, 
    0x8d, 0x31, 0x1c, 0x11, 0x98, 0x0c, 0xf1, 0xcd, 0x32, 0x94, 0x02, 0x29, 
    0x04, 0x23, 0x06, 0x06, 0x00, 0x82, 0x60, 0xd0, 0xb8, 0x8d, 0xcd, 0x0c, 
    0x16, 0x10, 0xf4, 0x99, 0x25, 0x28, 0x85, 0x81, 0x0a, 0x43, 0x20, 0x05, 
    0xfb, 0x1a, 0x05, 0x5b, 0x52, 0x46, 0x3e, 0xc6, 0x9c, 0x8c, 0x7c, 0x46, 
    0x0c, 0x0c, 0x00, 0x04, 0xc1, 0xa0, 0x99, 0x1b, 0xb4, 0x11, 0x86, 0x23, 
    0x82, 0x96, 0x21, 0xbe, 0x59, 0x86, 0x53, 0x30, 0x85, 0x60, 0xc4, 0xc0, 
    0x00, 0x40, 0x10, 0x0c, 0x9a, 0xba, 0xe9, 0x99, 0xc1, 0x02, 0x82, 0x3e, 
    0xb3, 0x04, 0xa7, 0x30, 0x50, 0x61, 0x08, 0xa6, 0x40, 0x62, 0xa5, 0x60, 
    0x01, 0x22, 0x9f, 0x59, 0x02, 0x56, 0x18, 0x8e, 0x98, 0x48, 0x86, 0xf8, 
    0x66, 0x19, 0x56, 0x21, 0x15, 0x82, 0xe1, 0x08, 0xea, 0x64, 0x88, 0x6f, 
    0x96, 0x41, 0x15, 0x58, 0x21, 0xb0, 0x6a, 0x66, 0xe4, 0x63, 0x16, 0xcc, 
    0xc8, 0xc7, 0x68, 0x46, 0x88, 0x8f, 0x61, 0x98, 0x7c, 0x2c, 0x10, 0xe4, 
    0x63, 0x2d, 0x43, 0xc4, 0xc7, 0x02, 0x01, 0x3e, 0xb3, 0x04, 0xac, 0x60, 
    0x1c, 0x27, 0x1f, 0xeb, 0x6c, 0x46, 0x3e, 0x16, 0x08, 0xf2, 0xb1, 0x81, 
    0x67, 0xe4, 0x63, 0x31, 0x13, 0xc4, 0xc7, 0x82, 0x01, 0x3e, 0xb3, 0x04, 
    0xac, 0x30, 0x50, 0x63, 0xf8, 0x41, 0x28, 0x08, 0xab, 0xe0, 0xa8, 0x02, 
    0x99, 0xa5, 0x02, 0x18, 0x9c, 0x02, 0x99, 0x89, 0x82, 0x05, 0xac, 0x22, 
    0x9f, 0x3a, 0x13, 0xbf, 0x81, 0x11, 0x83, 0x03, 0x00, 0x41, 0x30, 0xb0, 
    0x4e, 0x07, 0x6e, 0x02, 0xd1, 0x19, 0x31, 0x38, 0x00, 0x10, 0x04, 0x03, 
    0x0b, 0x75, 0xe0, 0x26, 0x28, 0x93, 0x11, 0x83, 0x06, 0x00, 0x41, 0x30, 
    0x58, 0x5c, 0x87, 0x6e, 0x68, 0x86, 0x74, 0x82, 0x30, 0xc1, 0x1b, 0xbc, 
    0xc1, 0x1b, 0xbc, 0x19, 0x4d, 0x08, 0x80, 0xd1, 0x04, 0x21, 0x18, 0x4d, 
    0x18, 0x84, 0x11, 0x03, 0x03, 0x00, 0x41, 0x30, 0xa0, 0x5c, 0x67, 0x6f, 
    0x86, 0xe9, 0x06, 0x82, 0x67, 0x82, 0x11, 0x03, 0x03, 0x00, 0x41, 0x30, 
    0xa0, 0x60, 0xa7, 0x6f, 0x88, 0xe9, 0x86, 0xc2, 0x67, 0x82, 0x11, 0x03, 
    0x03, 0x00, 0x41, 0x30, 0xa0, 0x64, 0xe7, 0x6f, 0x8a, 0xe9, 0x06, 0x03, 
    0x6c, 0x82, 0x11, 0x83, 0x06, 0x00, 0x41, 0x30, 0x58, 0x70, 0xc7, 0x6f, 
    0x7e, 0xc6, 0x75, 0x96, 0x35, 0x11, 0x1d, 0xd1, 0x11, 0x1d, 0xd1, 0x19, 
    0x4d, 0x08, 0x80, 0xd1, 0x04, 0x21, 0x18, 0x4d, 0x18, 0x84, 0x11, 0x03, 
    0x03, 0x00, 0x41, 0x30, 0xa0, 0x70, 0xa7, 0x74, 0x86, 0xe9, 0x06, 0xc2, 
    0x6c, 0x82, 0x11, 0x03, 0x03, 0x00, 0x41, 0x30, 0xa0, 0x74, 0xe7, 0x74, 
    0x88, 0xe9, 0x86, 0x02, 0x6d, 0x82, 0x11, 0x03, 0x03, 0x00, 0x41, 0x30, 
    0xa0, 0x78, 0x27, 0x75, 0x8a, 0xe9, 0x06, 0x43, 0x6d, 0x82, 0x59, 0x06, 
    0x57, 0x68, 0x05, 0x1f, 0xb1, 0xa7, 0x88, 0x8f, 0x39, 0x44, 0x7c, 0xac, 
    0x19, 0xe2, 0x33, 0x4b, 0xf0, 0x0a, 0x23, 0x06, 0x07, 0x00, 0x82, 0x60, 
    0xc0, 0xf9, 0x8e, 0xea, 0xa4, 0x0d, 0xef, 0x8c, 0x26, 0x04, 0xc3, 0x88, 
    0xc1, 0x01, 0x80, 0x20, 0x18, 0x3c, 0xe5, 0x23, 0x3b, 0x41, 0xdc, 0x8c, 
    0x18, 0x1c, 0x00, 0x08, 0x82, 0xc1, 0x63, 0x3e, 0xb3, 0x53, 0xc5, 0xcd, 
    0x88, 0xc1, 0x01, 0x80, 0x20, 0x18, 0x3c, 0xe7, 0x43, 0x3b, 0x94, 0xdc, 
    0x8c, 0x18, 0x1c, 0x00, 0x08, 0x82, 0xc1, 0x83, 0x3e, 0xb5, 0x33, 0xcd, 
    0x8d, 0x0d, 0x76, 0x03, 0x1f, 0x1b, 0xee, 0x06, 0x3e, 0x36, 0xe0, 0x0d, 
    0x7c, 0x46, 0x0c, 0x0e, 0x00, 0x04, 0xc1, 0xe0, 0x61, 0x9f, 0xdc, 0x89, 
    0xee, 0x66, 0xc4, 0xe0, 0x00, 0x40, 0x10, 0x0c, 0x9e, 0xf6, 0xd1, 0x1d, 
    0x08, 0x6f, 0x46, 0x0c, 0x0e, 0x00, 0x04, 0xc1, 0xe0, 0x71, 0x9f, 0xdd, 
    0x79, 0xf2, 0xc6, 0x06, 0xbe, 0x81, 0x8f, 0x0d, 0x7d, 0x03, 0x1f, 0x1b, 
    0xfc, 0x06, 0x3e, 0x96, 0x0c, 0xf4, 0xb1, 0x64, 0xa0, 0x8f, 0x25, 0x03, 
    0x7d, 0x46, 0x0c, 0x0e, 0x00, 0x04, 0xc1, 0xe0, 0xa9, 0x1f, 0xf1, 0x19, 
    0x40, 0x67, 0xc4, 0xe0, 0x00, 0x40, 0x10, 0x0c, 0x1e, 0xfb, 0x19, 0x9f, 
    0x21, 0x74, 0x46, 0x0c, 0x0e, 0x00, 0x04, 0xc1, 0xe0, 0xb9, 0x1f, 0xf2, 
    0x19, 0x44, 0x67, 0xc4, 0xe0, 0x00, 0x40, 0x10, 0x0c, 0x1e, 0xfc, 0x11, 
    0x9f, 0x61, 0x1a, 0x31, 0x38, 0x00, 0x10, 0x04, 0x83, 0x27, 0x7f, 0xc6, 
    0x67, 0xa0, 0x46, 0x0c, 0x0e, 0x00, 0x04, 0xc1, 0xe0, 0xd1, 0x1f, 0xf2, 
    0x19, 0xaa, 0x59, 0x82, 0x57, 0x18, 0xa8, 0x30, 0x0c, 0x57, 0xb0, 0x83, 
    0x56, 0x18, 0xa8, 0x30, 0x0c, 0x57, 0xb0, 0x83, 0x56, 0x18, 0xa8, 0x30, 
    0x0c, 0x57, 0xb0, 0x83, 0x56, 0xb0, 0xc1, 0x0e, 0xe4, 0x63, 0xc3, 0x1d, 
    0xc8, 0xc7, 0x06, 0x3c, 0x90, 0x8f, 0x85, 0xc3, 0x00, 0x1f, 0x0b, 0x87, 
    0x01, 0x3e, 0x16, 0x0e, 0x03, 0x7c, 0x2c, 0x1c, 0xfa, 0x00, 0x3e, 0x16, 
    0xa4, 0x8c, 0x7c, 0x46, 0x0c, 0x0c, 0x00, 0x04, 0xc1, 0xa0, 0x39, 0x21, 
    0xfe, 0x89, 0x9b, 0x59, 0x06, 0x5c, 0x80, 0x05, 0xb7, 0x19, 0x6e, 0x78, 
    0x1b, 0xfe, 0x01, 0x83, 0x59, 0x06, 0x59, 0x88, 0x85, 0xc0, 0x68, 0x47, 
    0x88, 0xcf, 0x88, 0xc1, 0x01, 0x80, 0x20, 0x18, 0x3c, 0x29, 0x64, 0x3f, 
    0x01, 0xed, 0xcc, 0x12, 0xf0, 0xc2, 0x70, 0x04, 0x81, 0x3b, 0xc4, 0x37, 
    0xcb, 0x30, 0x0b, 0xbc, 0x10, 0x58, 0x21, 0x3e, 0xf2, 0x19, 0x31, 0x30, 
    0x00, 0x10, 0x04, 0x83, 0xa6, 0x85, 0x44, 0xc8, 0x18, 0x8e, 0x08, 0xce, 
    0x87, 0xf8, 0x66, 0x19, 0x6a, 0x81, 0x16, 0x82, 0x11, 0x03, 0x03, 0x00, 
    0x41, 0x30, 0x68, 0x5e, 0xe8, 0x7e, 0x06, 0x0b, 0x08, 0xfa, 0xcc, 0x12, 
    0xd4, 0xc2, 0x40, 0x85, 0x21, 0xd0, 0x02, 0xde, 0xcd, 0x82, 0x2d, 0xea, 
    0x23, 0x1f, 0x63, 0xd0, 0x47, 0x3e, 0x23, 0x06, 0x06, 0x00, 0x82, 0x60, 
    0xd0, 0xd0, 0x50, 0x0a, 0x09, 0xc3, 0x11, 0x81, 0xfb, 0x10, 0xdf, 0x2c, 
    0xc3, 0x2d, 0xd8, 0x42, 0x30, 0x62, 0x60, 0x00, 0x20, 0x08, 0x06, 0x8d, 
    0x0d, 0xf9, 0xcf, 0x60, 0x01, 0x41, 0x9f, 0x59, 0x82, 0x5b, 0x18, 0xa8, 
    0x30, 0x04, 0x5b, 0x30, 0xbd, 0x5a, 0xb0, 0x00, 0x91, 0xcf, 0x2c, 0x01, 
    0x2f, 0x0c, 0x47, 0x4c, 0xe5, 0x43, 0x7c, 0xb3, 0x0c, 0xbb, 0x90, 0x0b, 
    0xc1, 0x70, 0x04, 0x85, 0x3e, 0xc4, 0x37, 0xcb, 0xa0, 0x0b, 0xbc, 0x10, 
    0x58, 0x45, 0x3f, 0xf2, 0x31, 0x2b, 0x7e, 0xe4, 0x63, 0xf5, 0x23, 0xc4, 
    0xc7, 0x30, 0x4c, 0x3e, 0x16, 0x08, 0xf2, 0x31, 0xf7, 0x21, 0xe2, 0x63, 
    0x81, 0x00, 0x9f, 0x59, 0x02, 0x5e, 0x30, 0x8e, 0x93, 0x8f, 0x75, 0xf7, 
    0x23, 0x1f, 0x0b, 0x04, 0xf9, 0xd8, 0xd0, 0x3f, 0xf2, 0x31, 0xf9, 0x09, 
    0xe2, 0x63, 0xc1, 0x00, 0x9f, 0x59, 0x02, 0x5e, 0x18, 0xa8, 0x31, 0xfc, 
    0x20, 0x16, 0x84, 0x5d, 0x70, 0x74, 0xc1, 0xfc, 0x72, 0x01, 0x0c, 0x6e, 
    0xc1, 0xfc, 0x64, 0x61, 0x96, 0xa1, 0x1c, 0x7a, 0x01, 0x76, 0x86, 0x1b, 
    0x62, 0xc7, 0x87, 0xc0, 0x60, 0x96, 0xe1, 0x17, 0x7c, 0x21, 0x30, 0xfb, 
    0x61, 0x9b, 0xf8, 0x8c, 0x18, 0x1c, 0x00, 0x08, 0x82, 0xc1, 0xb3, 0x46, 
    0x38, 0x14, 0xd8, 0xcf, 0x2c, 0x41, 0x3a, 0x0c, 0x47, 0xb8, 0x8d, 0xfe, 
    0x10, 0xdf, 0x2c, 0x03, 0x38, 0xa4, 0x43, 0x60, 0x6f, 0x43, 0x42, 0xf2, 
    0x19, 0x31, 0x30, 0x00, 0x10, 0x04, 0x83, 0xe6, 0x8d, 0xc8, 0x08, 0x6e, 
    0x86, 0x23, 0x82, 0x14, 0x22, 0xbe, 0x59, 0x06, 0x71, 0x08, 0x87, 0x60, 
    0xc4, 0xc0, 0x00, 0x40, 0x10, 0x0c, 0x9a, 0x38, 0xca, 0xa1, 0xc1, 0x02, 
    0x82, 0x3e, 0xb3, 0x04, 0xe2, 0x30, 0x50, 0x61, 0x08, 0xe1, 0xc0, 0x7f, 
    0xe0, 0x60, 0x75, 0xc3, 0x42, 0xf2, 0x31, 0xbb, 0x51, 0x21, 0xf9, 0x8c, 
    0x18, 0x18, 0x00, 0x08, 0x82, 0x41, 0x63, 0x47, 0x6b, 0x24, 0x0c, 0x47, 
    0x04, 0x30, 0x44, 0x7c, 0xb3, 0x0c, 0xe4, 0x30, 0x0e, 0xc1, 0x88, 0x81, 
    0x01, 0x80, 0x20, 0x18, 0x34, 0x78, 0x04, 0x46, 0x83, 0x05, 0x04, 0x7d, 
    0x66, 0x09, 0xc8, 0x61, 0xa0, 0xc2, 0x10, 0xc6, 0x41, 0x05, 0x03, 0x71, 
    0xb0, 0x00, 0x91, 0xcf, 0x2c, 0x41, 0x3a, 0x0c, 0x47, 0xf4, 0xcd, 0x09, 
    0x11, 0xdf, 0x2c, 0x03, 0x3a, 0x98, 0x43, 0x30, 0x1c, 0xe1, 0x37, 0x2a, 
    0x44, 0x7c, 0xb3, 0x0c, 0xe7, 0x90, 0x0e, 0x81, 0xfd, 0x8d, 0x0d, 0xc9, 
    0xc7, 0x40, 0x67, 0x86, 0xe4, 0x63, 0x37, 0x24, 0xc4, 0xc7, 0x44, 0x47, 
    0x74, 0xe4, 0x63, 0x81, 0x20, 0x1f, 0x83, 0x21, 0x22, 0x3e, 0x16, 0x08, 
    0xf0, 0x99, 0x25, 0x48, 0x07, 0x33, 0x1d, 0xd3, 0x91, 0x8f, 0x9d, 0x4e, 
    0x0e, 0xc9, 0xc7, 0x02, 0x41, 0x3e, 0x36, 0xfc, 0x90, 0x7c, 0x8c, 0x86, 
    0x82, 0xf8, 0x58, 0x30, 0xc0, 0x67, 0x96, 0x20, 0x1d, 0x06, 0x6a, 0x0c, 
    0x3f, 0xf0, 0x05, 0x01, 0x1d, 0x9c, 0x73, 0x50, 0xc3, 0xc0, 0x1c, 0xc0, 
    0x80, 0x1c, 0xd4, 0x30, 0xf8, 0x05, 0x0b, 0xc6, 0x40, 0x3e, 0x23, 0x06, 
    0x07, 0x00, 0x82, 0x60, 0x60, 0xa5, 0x92, 0x1c, 0xa5, 0x0d, 0x29, 0x8d, 
    0x18, 0x1c, 0x00, 0x08, 0x82, 0x81, 0xa5, 0x4a, 0x72, 0x14, 0x98, 0xcd, 
    0x88, 0x41, 0x03, 0x80, 0x20, 0x18, 0x2c, 0xb0, 0x64, 0x47, 0x36, 0x64, 
    0x4a, 0x64, 0x13, 0xe8, 0x91, 0x1e, 0xe9, 0x91, 0x1e, 0x8d, 0x26, 0x04, 
    0xc0, 0x68, 0x82, 0x10, 0x8c, 0x26, 0x0c, 0xc2, 0x88, 0x81, 0x01, 0x80, 
    0x20, 0x18, 0x50, 0xb0, 0xd4, 0x47, 0xc3, 0x74, 0x03, 0xe1, 0x43, 0xc1, 
    0x88, 0x81, 0x01, 0x80, 0x20, 0x18, 0x50, 0xb2, 0xf4, 0x47, 0xc4, 0x74, 
    0x43, 0x01, 0x46, 0xc1, 0x88, 0x81, 0x01, 0x80, 0x20, 0x18, 0x50, 0xb4, 
    0x14, 0x4a, 0xc5, 0x74, 0x83, 0x21, 0x46, 0xc1, 0x88, 0x41, 0x03, 0x80, 
    0x20, 0x18, 0x2c, 0xba, 0x04, 0x4a, 0x61, 0x04, 0x4b, 0x6e, 0xb3, 0x90, 
    0x12, 0x29, 0x91, 0x12, 0x29, 0x8d, 0x26, 0x04, 0xc0, 0x68, 0x82, 0x10, 
    0x8c, 0x26, 0x0c, 0xc2, 0x88, 0x81, 0x01, 0x80, 0x20, 0x18, 0x50, 0xba, 
    0x74, 0x4a, 0xc3, 0x74, 0x03, 0x81, 0x46, 0xc1, 0x88, 0x81, 0x01, 0x80, 
    0x20, 0x18, 0x50, 0xbc, 0x94, 0x4a, 0xc4, 0x74, 0x43, 0xa1, 0x46, 0xc1, 
    0x88, 0x81, 0x01, 0x80, 0x20, 0x18, 0x50, 0xbe, 0xb4, 0x4a, 0xc5, 0x74, 
    0x83, 0xc1, 0x46, 0xc1, 0x2c, 0xc3, 0x3a, 0xa8, 0x03, 0xd8, 0xd8, 0x53, 
    0xc4, 0xc7, 0x1c, 0x22, 0x3e, 0xd6, 0x0c, 0xf1, 0x99, 0x25, 0x60, 0x87, 
    0x11, 0x83, 0x03, 0x00, 0x41, 0x30, 0xe0, 0xc0, 0x89, 0x95, 0xd6, 0xc8, 
    0x97, 0x46, 0x13, 0x82, 0x61, 0xc4, 0xe0, 0x00, 0x40, 0x10, 0x0c, 0x9e, 
    0x73, 0xa2, 0xa5, 0x60, 0x8e, 0x46, 0x0c, 0x0e, 0x00, 0x04, 0xc1, 0xe0, 
    0x41, 0xa7, 0x5a, 0xaa, 0xe6, 0x68, 0xc4, 0xe0, 0x00, 0x40, 0x10, 0x0c, 
    0x9e, 0x74, 0xb2, 0x25, 0x8a, 0x8e, 0x46, 0x0c, 0x0e, 0x00, 0x04, 0xc1, 
    0xe0, 0x51, 0xa7, 0x5b, 0x9a, 0xea, 0xc8, 0x06, 0x3c, 0x82, 0x8f, 0x0d, 
    0x79, 0x04, 0x1f, 0x1b, 0xf4, 0x08, 0x3e, 0x23, 0x06, 0x07, 0x00, 0x82, 
    0x60, 0xf0, 0xb8, 0xd3, 0x2e, 0x45, 0x79, 0x34, 0x62, 0x70, 0x00, 0x20, 
    0x08, 0x06, 0xcf, 0x3b, 0xf1, 0x12, 0xa4, 0x47, 0x23, 0x06, 0x07, 0x00, 
    0x82, 0x60, 0xf0, 0xc0, 0x53, 0x2f, 0x3d, 0x7b, 0x64, 0x83, 0x1f, 0xc1, 
    0xc7, 0x86, 0x3f, 0x82, 0x8f, 0x0d, 0xa0, 0x04, 0x1f, 0x4b, 0x06, 0xfa, 
    0x58, 0x32, 0xd0, 0xc7, 0x92, 0x81, 0x3e, 0x23, 0x06, 0x07, 0x00, 0x82, 
    0x60, 0xf0, 0xdc, 0x13, 0x39, 0x0d, 0xa2, 0x34, 0x62, 0x70, 0x00, 0x20, 
    0x08, 0x06, 0x0f, 0x3e, 0x95, 0xd3, 0x30, 0x4a, 0x23, 0x06, 0x07, 0x00, 
    0x82, 0x60, 0xf0, 0xe4, 0x93, 0x39, 0x0d, 0xa4, 0x34, 0x62, 0x70, 0x00, 
    0x20, 0x08, 0x06, 0x8f, 0x3e, 0x91, 0xd3, 0x30, 0x8d, 0x18, 0x1c, 0x00, 
    0x08, 0x82, 0xc1, 0xb3, 0x4f, 0xe5, 0x34, 0x50, 0x23, 0x06, 0x07, 0x00, 
    0x82, 0x60, 0xf0, 0xf0, 0x93, 0x39, 0x0d, 0xd5, 0x2c, 0x01, 0x3b, 0x0c, 
    0x54, 0x18, 0xc6, 0x3a, 0xd8, 0x81, 0x3a, 0x0c, 0x54, 0x18, 0xc6, 0x3a, 
    0xd8, 0x81, 0x3a, 0x0c, 0x54, 0x18, 0xc6, 0x3a, 0xd8, 0x81, 0x3a, 0xd8, 
    0x50, 0x07, 0xf2, 0xb1, 0xc1, 0x0e, 0xe4, 0x63, 0xc3, 0x1d, 0xc8, 0xc7, 
    0x44, 0x62, 0x80, 0x8f, 0x89, 0xc4, 0x00, 0x1f, 0x13, 0x89, 0x01, 0x3e, 
    0xb6, 0x07, 0x21, 0x01, 0x9f, 0x59, 0x86, 0x7a, 0x68, 0x07, 0x37, 0x1a, 
    0x6e, 0x78, 0x23, 0x7e, 0x02, 0x83, 0x59, 0x86, 0x77, 0x70, 0x87, 0xc0, 
    0x68, 0x89, 0x6c, 0xe2, 0x33, 0x62, 0x70, 0x00, 0x20, 0x08, 0x06, 0x4f, 
    0x4a, 0xd9, 0x53, 0x40, 0x4b, 0xb3, 0x04, 0xf9, 0x30, 0x1c, 0x61, 0x36, 
    0xb8, 0x44, 0x7c, 0xb3, 0x0c, 0xf0, 0x90, 0x0f, 0x81, 0x9d, 0x8d, 0x38, 
    0xc9, 0x67, 0xc4, 0xc0, 0x00, 0x40, 0x10, 0x0c, 0x9a, 0x96, 0x12, 0x29, 
    0xb4, 0x19, 0x8e, 0x08, 0xce, 0x89, 0xf8, 0x66, 0x19, 0xe4, 0x21, 0x1e, 
    0x82, 0x11, 0x03, 0x03, 0x00, 0x41, 0x30, 0x68, 0x5e, 0xea, 0x9e, 0x06, 
    0x0b, 0x08, 0xfa, 0xcc, 0x12, 0xc8, 0xc3, 0x40, 0x85, 0x21, 0xc4, 0x03, 
    0x5e, 0x06, 0xf0, 0x60, 0x6d, 0xa3, 0x4e, 0xf2, 0x31, 0xb7, 0x41, 0x27, 
    0xf9, 0x8c, 0x18, 0x18, 0x00, 0x08, 0x82, 0x41, 0x43, 0x53, 0x29, 0x25, 
    0x0c, 0x47, 0x04, 0xee, 0x44, 0x7c, 0xb3, 0x0c, 0xf4, 0x30, 0x0f, 0xc1, 
    0x88, 0x81, 0x01, 0x80, 0x20, 0x18, 0x34, 0x36, 0xe5, 0x4f, 0x83, 0x05, 
    0x04, 0x7d, 0x66, 0x09, 0xe8, 0x61, 0xa0, 0xc2, 0x10, 0xe6, 0xc1, 0x34, 
    0x03, 0x79, 0xb0, 0x00, 0x91, 0xcf, 0x2c, 0x41, 0x3e, 0x0c, 0x47, 0xd4, 
    0x4d, 0x39, 0x11, 0xdf, 0x2c, 0x03, 0x3e, 0xd8, 0x43, 0x30, 0x1c, 0x61, 
    0x37, 0xe8, 0x44, 0x7c, 0xb3, 0x0c, 0xf7, 0x90, 0x0f, 0x81, 0xdd, 0x0d, 
    0x3d, 0xc9, 0xc7, 0xf0, 0x26, 0x9e, 0xe4, 0x63, 0xf5, 0x24, 0xc4, 0xc7, 
    0xf4, 0x46, 0x6f, 0xe4, 0x63, 0x81, 0x20, 0x1f, 0x73, 0x27, 0x22, 0x3e, 
    0x16, 0x08, 0xf0, 0x99, 0x25, 0xc8, 0x07, 0xf3, 0x1b, 0xbf, 0x91, 0x8f, 
    0xfd, 0xcd, 0x3d, 0xc9, 0xc7, 0x02, 0x41, 0x3e, 0x36, 0xf4, 0x93, 0x7c, 
    0x4c, 0x9e, 0x82, 0xf8, 0x58, 0x30, 0xc0, 0x67, 0x96, 0x20, 0x1f, 0x06, 
    0x6a, 0x0c, 0x3f, 0x70, 0x07, 0x01, 0x1f, 0x9c, 0x7b, 0x30, 0xcf, 0xc0, 
    0x1e, 0xc0, 0x80, 0x1e, 0xcc, 0x33, 0x78, 0x07, 0x0b, 0x42, 0x42, 0x3e, 
    0x23, 0x06, 0x0d, 0x00, 0x82, 0x60, 0xb0, 0xb0, 0x95, 0x4c, 0xc9, 0x93, 
    0x58, 0x85, 0x4d, 0x2f, 0xd8, 0x94, 0x4d, 0xd9, 0x94, 0x4d, 0x8d, 0x26, 
    0x04, 0xc0, 0x68, 0x82, 0x10, 0x8c, 0x26, 0x0c, 0xc2, 0x88, 0x81, 0x01, 
    0x80, 0x20, 0x18, 0x50, 0x6c, 0x95, 0x53, 0xc3, 0x74, 0x03, 0xa1, 0x4f, 
    0xc1, 0x88, 0x81, 0x01, 0x80, 0x20, 0x18, 0x50, 0x6e, 0xb5, 0x53, 0xc4, 
    0x74, 0x43, 0xc1, 0x4f, 0xc1, 0x88, 0x81, 0x01, 0x80, 0x20, 0x18, 0x50, 
    0x70, 0xd5, 0x53, 0xc5, 0x74, 0x83, 0xe1, 0x4f, 0xc1, 0x88, 0x41, 0x03, 
    0x80, 0x20, 0x18, 0x2c, 0x76, 0xc5, 0x53, 0xfd, 0xc4, 0x56, 0x6b, 0x73, 
    0x0e, 0x60, 0x05, 0x56, 0x60, 0x05, 0x56, 0xa3, 0x09, 0x01, 0x30, 0x9a, 
    0x20, 0x04, 0xa3, 0x09, 0x83, 0x30, 0x62, 0x60, 0x00, 0x20, 0x08, 0x06, 
    0x94, 0x5d, 0x8d, 0xd5, 0x30, 0xdd, 0x40, 0x90, 0x54, 0x30, 0x62, 0x60, 
    0x00, 0x20, 0x08, 0x06, 0x14, 0x5e, 0x95, 0x15, 0x31, 0xdd, 0x50, 0x98, 
    0x54, 0x30, 0x62, 0x60, 0x00, 0x20, 0x08, 0x06, 0x94, 0x5e, 0x9d, 0x55, 
    0x31, 0xdd, 0x60, 0xa0, 0x54, 0x30, 0xcb, 0xb0, 0x0f, 0xfa, 0xc0, 0x3f, 
    0xf6, 0x14, 0xf1, 0x31, 0x87, 0x88, 0x8f, 0x35, 0x43, 0x7c, 0x66, 0x09, 
    0xf8, 0x61, 0xc4, 0xe0, 0x00, 0x40, 0x10, 0x0c, 0x38, 0xbe, 0x42, 0xab, 
    0x93, 0xd2, 0xab, 0xd1, 0x84, 0x60, 0x18, 0x31, 0x38, 0x00, 0x10, 0x04, 
    0x83, 0x67, 0xb4, 0xe0, 0x2a, 0x78, 0xa9, 0x11, 0x83, 0x03, 0x00, 0x41, 
    0x30, 0x78, 0x48, 0x2b, 0xae, 0xaa, 0x97, 0x1a, 0x31, 0x38, 0x00, 0x10, 
    0x04, 0x83, 0xa7, 0xb4, 0xe4, 0x8a, 0x82, 0xa9, 0x11, 0x83, 0x03, 0x00, 
    0x41, 0x30, 0x78, 0x4c, 0x6b, 0xae, 0xa6, 0x98, 0xb2, 0x81, 0xa6, 0xe0, 
    0x63, 0x43, 0x4d, 0xc1, 0xc7, 0x06, 0x9b, 0x82, 0xcf, 0x88, 0xc1, 0x01, 
    0x80, 0x20, 0x18, 0x3c, 0xaa, 0x75, 0x57, 0x51, 0x4d, 0x8d, 0x18, 0x1c, 
    0x00, 0x08, 0x82, 0xc1, 0xb3, 0x5a, 0x78, 0x05, 0xd9, 0xd4, 0x88, 0xc1, 
    0x01, 0x80, 0x20, 0x18, 0x3c, 0xac, 0x95, 0x57, 0xcf, 0x4d, 0xd9, 0xa0, 
    0x53, 0xf0, 0xb1, 0x61, 0xa7, 0xe0, 0x63, 0x03, 0x4f, 0xc1, 0xc7, 0x92, 
    0x81, 0x3e, 0x96, 0x0c, 0xf4, 0xb1, 0x64, 0xa0, 0xcf, 0x88, 0xc1, 0x01, 
    0x80, 0x20, 0x18, 0x3c, 0xb3, 0x05, 0x5a, 0x83, 0x4f, 0x8d, 0x18, 0x1c, 
    0x00, 0x08, 0x82, 0xc1, 0x43, 0x5b, 0xa1, 0x35, 0xfc, 0xd4, 0x88, 0xc1, 
    0x01, 0x80, 0x20, 0x18, 0x3c, 0xb5, 0x25, 0x5a, 0x03, 0x58, 0x8d, 0x18, 
    0x1c, 0x00, 0x08, 0x82, 0xc1, 0x63, 0x5b, 0xa0, 0x35, 0x4c, 0x23, 0x06, 
    0x07, 0x00, 0x82, 0x60, 0xf0, 0xdc, 0x56, 0x68, 0x0d, 0xd4, 0x88, 0xc1, 
    0x01, 0x80, 0x20, 0x18, 0x3c, 0xb8, 0x25, 0x5a, 0x43, 0x35, 0x4b, 0xc0, 
    0x0f, 0x03, 0x15, 0x86, 0xb1, 0x0f, 0x76, 0xa0, 0x0f, 0x03, 0x15, 0x86, 
    0xb1, 0x0f, 0x76, 0xa0, 0x0f, 0x03, 0x15, 0x86, 0xb1, 0x0f, 0x76, 0xa0, 
    0x0f, 0x36, 0xcc, 0x81, 0x7c, 0x6c, 0xa0, 0x03, 0xf9, 0xd8, 0x50, 0x07, 
    0xf2, 0x31, 0x5e, 0x18, 0xe0, 0x63, 0xbc, 0x30, 0xc0, 0xc7, 0x78, 0x61, 
    0x80, 0x8f, 0xf1, 0x42, 0x1e, 0xc0, 0x67, 0xc4, 0xe0, 0x00, 0x40, 0x10, 
    0x0c, 0x9e, 0xf1, 0x6a, 0xad, 0xba, 0x52, 0x46, 0x0c, 0x0e, 0x00, 0x04, 
    0xc1, 0xe0, 0x21, 0x2f, 0xd7, 0xb2, 0x2b, 0x65, 0xc4, 0xe0, 0x00, 0x40, 
    0x10, 0x0c, 0x9e, 0xf2, 0x7a, 0xad, 0xbb, 0x52, 0x46, 0x0c, 0x0e, 0x00, 
    0x04, 0xc1, 0xe0, 0x31, 0xaf, 0xd9, 0xba, 0xab, 0x66, 0xc4, 0xe0, 0x00, 
    0x40, 0x10, 0x0c, 0x9e, 0xf3, 0xa2, 0x2d, 0xbc, 0x6a, 0x46, 0x0c, 0x0e, 
    0x00, 0x04, 0xc1, 0xe0, 0x41, 0xaf, 0xda, 0xca, 0xab, 0x66, 0x96, 0xa1, 
    0x24, 0xfa, 0x01, 0xa6, 0x86, 0x1b, 0x62, 0xca, 0xb7, 0xc0, 0x60, 0x96, 
    0xe1, 0x1f, 0xfc, 0x21, 0x30, 0xbb, 0x32, 0x9b, 0xf8, 0x8c, 0x18, 0x1c, 
    0x00, 0x08, 0x82, 0xc1, 0xb3, 0x5e, 0xb8, 0x15, 0xd8, 0xd5, 0x2c, 0x41, 
    0x4a, 0x0c, 0x47, 0xa0, 0x8d, 0x5e, 0x11, 0xdf, 0x2c, 0x03, 0x48, 0xa4, 
    0x44, 0x60, 0x69, 0x43, 0x5a, 0xf2, 0x19, 0x31, 0x30, 0x00, 0x10, 0x04, 
    0x83, 0xe6, 0xbd, 0xc8, 0x4b, 0x6d, 0x86, 0x23, 0x82, 0xd4, 0x22, 0xbe, 
    0x59, 0x06, 0x91, 0x08, 0x89, 0x60, 0xc4, 0xc0, 0x00, 0x40, 0x10, 0x0c, 
    0x9a, 0xf8, 0xca, 0xad, 0xc1, 0x02, 0x82, 0x3e, 0xb3, 0x04, 0x22, 0x31, 
    0x50, 0x61, 0x08, 0x21, 0xc1, 0xaf, 0x01, 0x48, 0xd8, 0xdb, 0xb0, 0x96, 
    0x7c, 0x0c, 0x6e, 0x54, 0x4b, 0x3e, 0x23, 0x06, 0x06, 0x00, 0x82, 0x60, 
    0xd0, 0xd8, 0xd7, 0x7a, 0x09, 0xc3, 0x11, 0x01, 0x6c, 0x11, 0xdf, 0x2c, 
    0x03, 0x49, 0x8c, 0x44, 0x30, 0x62, 0x60, 0x00, 0x20, 0x08, 0x06, 0x0d, 
    0x7e, 0x81, 0xd7, 0x60, 0x01, 0x41, 0x9f, 0x59, 0x02, 0x92, 0x18, 0xa8, 
    0x30, 0x84, 0x91, 0x50, 0xd9, 0x40, 0x24, 0x2c, 0x40, 0xe4, 0x33, 0x4b, 
    0x90, 0x12, 0xc3, 0x11, 0x77, 0x73, 0x5a, 0xc4, 0x37, 0xcb, 0x80, 0x12, 
    0x26, 0x11, 0x0c, 0x47, 0xe0, 0x8d, 0x6a, 0x11, 0xdf, 0x2c, 0xc3, 0x49, 
    0xa4, 0x44, 0x60, 0x79, 0x63, 0x5b, 0xf2, 0x31, 0xbd, 0x99, 0x2d, 0xf9, 
    0xd8, 0x6d, 0x09, 0xf1, 0x31, 0xbe, 0xe1, 0x1b, 0xf9, 0x58, 0x20, 0xc8, 
    0xc7, 0x60, 0x8b, 0x88, 0x8f, 0x05, 0x02, 0x7c, 0x66, 0x09, 0x52, 0xc2, 
    0x40, 0x07, 0x74, 0xe4, 0x63, 0xa1, 0x93, 0x5b, 0xf2, 0xb1, 0x40, 0x90, 
    0x8f, 0x0d, 0xbf, 0x25, 0x1f, 0xa3, 0xad, 0x20, 0x3e, 0x16, 0x0c, 0xf0, 
    0x99, 0x25, 0x48, 0x89, 0x81, 0x1a, 0xc3, 0x0f, 0xfc, 0x41, 0x40, 0x09, 
    0xe7, 0x24, 0xd4, 0x36, 0x30, 0x09, 0x30, 0x20, 0x09, 0xb5, 0x0d, 0xfe, 
    0xc1, 0x82, 0xf1, 0x90, 0xcf, 0x88, 0x41, 0x03, 0x80, 0x20, 0x18, 0x2c, 
    0x2e, 0x46, 0x5f, 0xb4, 0x45, 0x62, 0x62, 0xf3, 0x17, 0xf8, 0x85, 0x5f, 
    0xf8, 0x85, 0x5f, 0xa3, 0x09, 0x01, 0x30, 0x9a, 0x20, 0x04, 0xa3, 0x09, 
    0x83, 0x30, 0x62, 0x60, 0x00, 0x20, 0x08, 0x06, 0x94, 0x8b, 0xed, 0xd7, 
    0x30, 0xdd, 0x40, 0xf0, 0x56, 0x30, 0x62, 0x60, 0x00, 0x20, 0x08, 0x06, 
    0x14, 0x8c, 0xf5, 0x17, 0x31, 0xdd, 0x50, 0xf8, 0x56, 0x30, 0x62, 0x60, 
    0x00, 0x20, 0x08, 0x06, 0x94, 0x8c, 0xfd, 0x57, 0x31, 0xdd, 0x60, 0x80, 
    0x57, 0x30, 0x62, 0xd0, 0x00, 0x20, 0x08, 0x06, 0x0b, 0x8e, 0xf9, 0xd7, 
    0x6f, 0xb9, 0x18, 0xdb, 0xa4, 0x86, 0x88, 0x89, 0x98, 0x88, 0x89, 0xd8, 
    0x68, 0x42, 0x00, 0x8c, 0x26, 0x08, 0xc1, 0x68, 0xc2, 0x20, 0x8c, 0x18, 
    0x18, 0x00, 0x08, 0x82, 0x01, 0x85, 0x63, 0x25, 0x36, 0x4c, 0x37, 0x10, 
    0xe6, 0x15, 0x8c, 0x18, 0x18, 0x00, 0x08, 0x82, 0x01, 0xa5, 0x63, 0x27, 
    0x46, 0x4c, 0x37, 0x14, 0xe8, 0x15, 0x8c, 0x18, 0x18, 0x00, 0x08, 0x82, 
    0x01, 0xc5, 0x63, 0x29, 0x56, 0x4c, 0x37, 0x18, 0xea, 0x15, 0xcc, 0x32, 
    0xac, 0x84, 0x4a, 0xf8, 0x92, 0x3d, 0x45, 0x7c, 0xcc, 0x21, 0xe2, 0x63, 
    0xcd, 0x10, 0x9f, 0x59, 0x02, 0x96, 0x18, 0x31, 0x38, 0x00, 0x10, 0x04, 
    0x03, 0xce, 0xc7, 0x54, 0x2c, 0xbd, 0x78, 0x6c, 0x34, 0x21, 0x18, 0x46, 
    0x0c, 0x0e, 0x00, 0x04, 0xc1, 0xe0, 0x29, 0x33, 0x19, 0x0b, 0xe2, 0x6b, 
    0xc4, 0xe0, 0x00, 0x40, 0x10, 0x0c, 0x1e, 0x33, 0x9b, 0xb1, 0x2a, 0xbe, 
    0x46, 0x0c, 0x0e, 0x00, 0x04, 0xc1, 0xe0, 0x39, 0x33, 0x1a, 0xa3, 0xe4, 
    0x6b, 0xc4, 0xe0, 0x00, 0x40, 0x10, 0x0c, 0x1e, 0x34, 0xab, 0xb1, 0x69, 
    0xbe, 0x6c, 0xb0, 0x2f, 0xf8, 0xd8, 0x70, 0x5f, 0xf0, 0xb1, 0x01, 0xbf, 
    0xe0, 0x33, 0x62, 0x70, 0x00, 0x20, 0x08, 0x06, 0x0f, 0x9b, 0xe5, 0x58, 
    0x74, 0x5f, 0x23, 0x06, 0x07, 0x00, 0x82, 0x60, 0xf0, 0xb4, 0x99, 0x8e, 
    0x41, 0xf8, 0x35, 0x62, 0x70, 0x00, 0x20, 0x08, 0x06, 0x8f, 0x9b, 0xed, 
    0xd8, 0x93, 0x5f, 0x36, 0xf0, 0x17, 0x7c, 0x6c, 0xe8, 0x2f, 0xf8, 0xd8, 
    0xe0, 0x5f, 0xf0, 0xb1, 0x64, 0xa0, 0x8f, 0x25, 0x03, 0x7d, 0x2c, 0x19, 
    0xe8, 0x33, 0x62, 0x70, 0x00, 0x20, 0x08, 0x06, 0x4f, 0x9d, 0x89, 0xd9, 
    0x00, 0x62, 0x23, 0x06, 0x07, 0x00, 0x82, 0x60, 0xf0, 0xd8, 0xd9, 0x98, 
    0x0d, 0x21, 0x36, 0x62, 0x70, 0x00, 0x20, 0x08, 0x06, 0xcf, 0x9d, 0x91, 
    0xd9, 0x20, 0x62, 0x23, 0x06, 0x07, 0x00, 0x82, 0x60, 0xf0, 0xe0, 0x99, 
    0x98, 0x0d, 0xd3, 0x88, 0xc1, 0x01, 0x80, 0x20, 0x18, 0x3c, 0x79, 0x36, 
    0x66, 0x03, 0x35, 0x62, 0x70, 0x00, 0x20, 0x08, 0x06, 0x8f, 0x9e, 0x91, 
    0xd9, 0x50, 0xcd, 0x12, 0xb0, 0xc4, 0x40, 0x85, 0x61, 0xac, 0x84, 0x1d, 
    0xa8, 0xc4, 0x40, 0x85, 0x61, 0xac, 0x84, 0x1d, 0xa8, 0xc4, 0x40, 0x85, 
    0x61, 0xac, 0x84, 0x1d, 0xa8, 0x84, 0x0d, 0x73, 0x20, 0x1f, 0x1b, 0xe8, 
    0x40, 0x3e, 0x36, 0xd4, 0x81, 0x7c, 0x4c, 0x1c, 0x06, 0xf8, 0x98, 0x38, 
    0x0c, 0xf0, 0x31, 0x71, 0x18, 0xe0, 0x63, 0xe2, 0x90, 0x07, 0xf0, 0x19, 
    0x31, 0x38, 0x00, 0x10, 0x04, 0x83, 0xa7, 0xd4, 0xde, 0x4c, 0x1c, 0x94, 
    0x11, 0x83, 0x03, 0x00, 0x41, 0x30, 0x78, 0x4c, 0x0d, 0xce, 0xc4, 0x41, 
    0x19, 0x31, 0x38, 0x00, 0x10, 0x04, 0x83, 0xe7, 0xd4, 0xe2, 0x4c, 0x1c, 
    0x94, 0x11, 0x83, 0x03, 0x00, 0x41, 0x30, 0x78, 0x50, 0xad, 0xce, 0xc4, 
    0xa1, 0x19, 0x31, 0x38, 0x00, 0x10, 0x04, 0x83, 0x27, 0xd5, 0xec, 0x4c, 
    0x1c, 0x9a, 0x11, 0x83, 0x03, 0x00, 0x41, 0x30, 0x78, 0x54, 0xed, 0xce, 
    0xc4, 0xa1, 0x99, 0x65, 0xa8, 0x89, 0x96, 0x90, 0xaf, 0xe1, 0x86, 0xf9, 
    0x02, 0x35, 0x30, 0x98, 0x65, 0x78, 0x09, 0x97, 0x08, 0x0c, 0xc7, 0xce, 
    0x26, 0x3e, 0x23, 0x06, 0x07, 0x00, 0x82, 0x60, 0xf0, 0xb4, 0x9a, 0x9e, 
    0x05, 0x38, 0x36, 0x4b, 0x90, 0x13, 0xc3, 0x11, 0x69, 0xc3, 0x63, 0xc4, 
    0x37, 0xcb, 0x00, 0x13, 0x39, 0x11, 0x98, 0xda, 0x98, 0x99, 0x7c, 0x46, 
    0x0c, 0x0c, 0x00, 0x04, 0xc1, 0xa0, 0x89, 0x35, 0x53, 0x5b, 0x9b, 0xe1, 
    0x88, 0x60, 0xcd, 0x88, 0x6f, 0x96, 0x41, 0x26, 0x62, 0x22, 0x18, 0x31, 
    0x30, 0x00, 0x10, 0x04, 0x83, 0x66, 0xd6, 0xf6, 0x6c, 0xb0, 0x80, 0xa0, 
    0xcf, 0x2c, 0x81, 0x4c, 0x0c, 0x54, 0x18, 0x42, 0x4c, 0x80, 0x72, 0x00, 
    0x13, 0x06, 0x37, 0x6e, 0x26, 0x1f, 0x8b, 0x1b, 0x36, 0x93, 0xcf, 0x88, 
    0x81, 0x01, 0x80, 0x20, 0x18, 0x34, 0xb8, 0xd6, 0x6a, 0xc2, 0x70, 0x44, 
    0x20, 0x67, 0xc4, 0x37, 0xcb, 0x40, 0x13, 0x33, 0x11, 0x8c, 0x18, 0x18, 
    0x00, 0x08, 0x82, 0x41, 0xa3, 0x6b, 0xa2, 0x36, 0x58, 0x40, 0xd0, 0x67, 
    0x96, 0x80, 0x26, 0x06, 0x2a, 0x0c, 0x61, 0x26, 0x5c, 0x39, 0x90, 0x09, 
    0x0b, 0x10, 0xf9, 0xcc, 0x12, 0xe4, 0xc4, 0x70, 0x04, 0xde, 0xa4, 0x19, 
    0xf1, 0xcd, 0x32, 0xe0, 0x84, 0x4d, 0x04, 0xc3, 0x11, 0x79, 0xc3, 0x66, 
    0xc4, 0x37, 0xcb, 0x70, 0x13, 0x39, 0x11, 0x98, 0xde, 0xe0, 0x99, 0x7c, 
    0x6c, 0x6f, 0xea, 0x4c, 0x3e, 0x96, 0x67, 0x42, 0x7c, 0xac, 0x6f, 0xfa, 
    0x46, 0x3e, 0x16, 0x08, 0xf2, 0x31, 0x39, 0x23, 0xe2, 0x63, 0x81, 0x00, 
    0x9f, 0x59, 0x82, 0x9c, 0xb0, 0xd0, 0x09, 0x1d, 0xf9, 0x98, 0xe8, 0xec, 
    0x99, 0x7c, 0x2c, 0x10, 0xe4, 0x63, 0x43, 0xa8, 0xc9, 0xc7, 0xec, 0x2c, 
    0x88, 0x8f, 0x05, 0x03, 0x7c, 0x66, 0x09, 0x72, 0x62, 0xa0, 0xc6, 0xf0, 
    0x03, 0x97, 0x10, 0x70, 0xc2, 0xb9, 0x09, 0x77, 0x0e, 0x6c, 0x02, 0x0c, 
    0x68, 0xc2, 0x9d, 0x83, 0x97, 0xb0, 0xa0, 0x54, 0xe4, 0x33, 0x62, 0xd0, 
    0x00, 0x20, 0x08, 0x06, 0x0b, 0xbc, 0xd9, 0x9a, 0x9d, 0x99, 0xdb, 0xd8, 
    0x84, 0x89, 0xae, 0xe9, 0x9a, 0xae, 0xe9, 0xda, 0x68, 0x42, 0x00, 0x8c, 
    0x26, 0x08, 0xc1, 0x68, 0xc2, 0x20, 0x8c, 0x18, 0x18, 0x00, 0x08, 0x82, 
    0x01, 0x05, 0x6f, 0xbd, 0x36, 0x4c, 0x37, 0x10, 0x7e, 0x16, 0x8c, 0x18, 
    0x18, 0x00, 0x08, 0x82, 0x01, 0x25, 0x6f, 0xbf, 0x46, 0x4c, 0x37, 0x14, 
    0xa0, 0x16, 0x8c, 0x18, 0x18, 0x00, 0x08, 0x82, 0x01, 0x45, 0x6f, 0xe1, 
    0x56, 0x4c, 0x37, 0x18, 0xa2, 0x16, 0x8c, 0x18, 0x34, 0x00, 0x08, 0x82, 
    0xc1, 0xa2, 0x6f, 0xe0, 0x16, 0x6a, 0xf0, 0xd6, 0x36, 0x6b, 0x42, 0x6e, 
    0xe4, 0x46, 0x6e, 0xe4, 0x36, 0x9a, 0x10, 0x00, 0xa3, 0x09, 0x42, 0x30, 
    0x9a, 0x30, 0x08, 0x23, 0x06, 0x06, 0x00, 0x82, 0x60, 0x40, 0xe9, 0xdb, 
    0xb9, 0x0d, 0xd3, 0x0d, 0x04, 0xaa, 0x05, 0x23, 0x06, 0x06, 0x00, 0x82, 
    0x60, 0x40, 0xf1, 0x5b, 0xba, 0x11, 0xd3, 0x0d, 0x85, 0xaa, 0x05, 0x23, 
    0x06, 0x06, 0x00, 0x82, 0x60, 0x40, 0xf9, 0xdb, 0xba, 0x15, 0xd3, 0x0d, 
    0x06, 0xab, 0x05, 0xb3, 0x0c, 0x3b, 0xa1, 0x13, 0xa0, 0x65, 0x4f, 0x11, 
    0x1f, 0x73, 0x88, 0xf8, 0x58, 0x33, 0xc4, 0x67, 0x96, 0x80, 0x27, 0x46, 
    0x0c, 0x0e, 0x00, 0x04, 0xc1, 0x80, 0x03, 0x39, 0x76, 0x5b, 0x35, 0x7f, 
    0x1b, 0x4d, 0x08, 0x86, 0x11, 0x83, 0x03, 0x00, 0x41, 0x30, 0x78, 0x4e, 
    0x8e, 0xde, 0x82, 0x59, 0x1b, 0x31, 0x38, 0x00, 0x10, 0x04, 0x83, 0x07, 
    0xe5, 0xea, 0xad, 0x9a, 0xb5, 0x11, 0x83, 0x03, 0x00, 0x41, 0x30, 0x78, 
    0x52, 0xce, 0xde, 0x28, 0x5a, 0x1b, 0x31, 0x38, 0x00, 0x10, 0x04, 0x83, 
    0x47, 0xe5, 0xee, 0x6d, 0xaa, 0x35, 0x1b, 0x70, 0x0d, 0x3e, 0x36, 0xe4, 
    0x1a, 0x7c, 0x6c, 0xd0, 0x35, 0xf8, 0x8c, 0x18, 0x1c, 0x00, 0x08, 0x82, 
    0xc1, 0xe3, 0x72, 0xfb, 0x16, 0xe5, 0xda, 0x88, 0xc1, 0x01, 0x80, 0x20, 
    0x18, 0x3c, 0x2f, 0xc7, 0x6f, 0x90, 0xae, 0x8d, 0x18, 0x1c, 0x00, 0x08, 
    0x82, 0xc1, 0x03, 0x73, 0xfd, 0xf6, 0xec, 0x9a, 0x0d, 0xbe, 0x06, 0x1f, 
    0x1b, 0x7e, 0x0d, 0x3e, 0x36, 0x80, 0x1b, 0x7c, 0x2c, 0x19, 0xe8, 0x63, 
    0xc9, 0x40, 0x1f, 0x4b, 0x06, 0xfa, 0x8c, 0x18, 0x1c, 0x00, 0x08, 0x82, 
    0xc1, 0x73, 0x73, 0x24, 0x37, 0x88, 0xdb, 0x88, 0xc1, 0x01, 0x80, 0x20, 
    0x18, 0x3c, 0x38, 0x57, 0x72, 0xc3, 0xb8, 0x8d, 0x18, 0x1c, 0x00, 0x08, 
    0x82, 0xc1, 0x93, 0x73, 0x26, 0x37, 0x90, 0xdb, 0x88, 0xc1, 0x01, 0x80, 
    0x20, 0x18, 0x3c, 0x3a, 0x47, 0x72, 0xc3, 0x34, 0x62, 0x70, 0x00, 0x20, 
    0x08, 0x06, 0xcf, 0xce, 0x95, 0xdc, 0x40, 0x8d, 0x18, 0x1c, 0x00, 0x08, 
    0x82, 0xc1, 0xc3, 0x73, 0x26, 0x37, 0x54, 0xb3, 0x04, 0x3c, 0x31, 0x50, 
    0x61, 0x18, 0x3b, 0x61, 0x07, 0x3a, 0x31, 0x50, 0x61, 0x18, 0x3b, 0x61, 
    0x07, 0x3a, 0x31, 0x50, 0x61, 0x18, 0x3b, 0x61, 0x07, 0x3a, 0x61, 0xc3, 
    0x1c, 0xc8, 0xc7, 0x06, 0x3a, 0x90, 0x8f, 0x0d, 0x75, 0x20, 0x1f, 0x13, 
    0x87, 0x01, 0x3e, 0x26, 0x0e, 0x03, 0x7c, 0x4c, 0x1c, 0x06, 0xf8, 0x98, 
    0x38, 0xe4, 0x01, 0x7c, 0x4c, 0xd6, 0xf4, 0x0d, 0x3e, 0x23, 0x06, 0x06, 
    0x00, 0x82, 0x60, 0xd0, 0xa4, 0x9d, 0xcf, 0x05, 0xb3, 0x0c, 0x65, 0xd1, 
    0x13, 0xb0, 0x36, 0xdc, 0x10, 0x6b, 0x3e, 0x07, 0x06, 0xb3, 0x0c, 0x3f, 
    0xe1, 0x13, 0x81, 0xd9, 0x9b, 0x10, 0x9f, 0x11, 0x83, 0x03, 0x00, 0x41, 
    0x30, 0x78, 0xd6, 0x0e, 0xe7, 0x02, 0x7b, 0x9b, 0x25, 0x48, 0x8b, 0xe1, 
    0x08, 0x42, 0xdf, 0x88, 0x6f, 0x96, 0x01, 0x2c, 0xd2, 0x22, 0xb0, 0x82, 
    0xe4, 0xe4, 0x33, 0x62, 0x60, 0x00, 0x20, 0x08, 0x06, 0xcd, 0xdb, 0x91, 
    0x9d, 0x31, 0x1c, 0x11, 0xa4, 0x1c, 0xf1, 0xcd, 0x32, 0x88, 0x45, 0x58, 
    0x04, 0x23, 0x06, 0x06, 0x00, 0x82, 0x60, 0xd0, 0xc4, 0x5d, 0xce, 0x0d, 
    0x16, 0x10, 0xf4, 0x99, 0x25, 0x10, 0x8b, 0x81, 0x0a, 0x43, 0x08, 0x0b, 
    0xfe, 0x0e, 0xc0, 0xc2, 0x16, 0x96, 0x93, 0x8f, 0x31, 0x2a, 0x27, 0x9f, 
    0x11, 0x03, 0x03, 0x00, 0x41, 0x30, 0x68, 0xec, 0x6e, 0xed, 0x84, 0xe1, 
    0x88, 0x00, 0xe6, 0x88, 0x6f, 0x96, 0x81, 0x2c, 0xc6, 0x22, 0x18, 0x31, 
    0x30, 0x00, 0x10, 0x04, 0x83, 0x06, 0xef, 0xc0, 0x6e, 0xb0, 0x80, 0xa0, 
    0xcf, 0x2c, 0x01, 0x59, 0x0c, 0x54, 0x18, 0xc2, 0x58, 0xa8, 0x78, 0x20, 
    0x16, 0x16, 0x20, 0xf2, 0x99, 0x25, 0x48, 0x8b, 0xe1, 0x88, 0xe9, 0xe4, 
    0x88, 0x6f, 0x96, 0x01, 0x2d, 0xcc, 0x22, 0x18, 0x8e, 0xa0, 0x54, 0x8e, 
    0xf8, 0x66, 0x19, 0xce, 0x22, 0x2d, 0x02, 0xab, 0x6c, 0x4e, 0x3e, 0x66, 
    0xcd, 0x9c, 0x7c, 0xec, 0xe6, 0x84, 0xf8, 0x18, 0x86, 0xc9, 0xc7, 0x02, 
    0x41, 0x3e, 0x06, 0x73, 0x44, 0x7c, 0x2c, 0x10, 0xe0, 0x33, 0x4b, 0x90, 
    0x16, 0xc6, 0x71, 0xf2, 0xb1, 0x2e, 0xe7, 0xe4, 0x63, 0x81, 0x20, 0x1f, 
    0x1b, 0x7e, 0x4e, 0x3e, 0x46, 0x73, 0x41, 0x7c, 0x2c, 0x18, 0xe0, 0x33, 
    0x4b, 0x90, 0x16, 0x03, 0x35, 0x86, 0x1f, 0xf8, 0x84, 0x80, 0x16, 0xce, 
    0x59, 0xa8, 0x79, 0x60, 0x16, 0x60, 0x40, 0x16, 0x6a, 0x1e, 0xfc, 0xc4, 
    0x2c, 0x83, 0x5c, 0xa8, 0x85, 0xbc, 0x0d, 0x37, 0xcc, 0x1b, 0xe8, 0x81, 
    0xc1, 0x2c, 0x03, 0x5b, 0xac, 0x45, 0x60, 0x38, 0xe7, 0x6a, 0xf1, 0x19, 
    0x31, 0x38, 0x00, 0x10, 0x04, 0x83, 0xa7, 0xf5, 0xf4, 0x2e, 0xc0, 0xb9, 
    0x59, 0x02, 0xbb, 0x18, 0x8e, 0x80, 0x35, 0x9e, 0x23, 0xbe, 0x59, 0x86, 
    0xb6, 0xb0, 0x8b, 0xc0, 0x62, 0xcd, 0xec, 0xe4, 0x33, 0x62, 0x60, 0x00, 
    0x20, 0x08, 0x06, 0x4d, 0xec, 0x99, 0x9e, 0xac, 0x0d, 0x47, 0x04, 0x6b, 
    0x47, 0x7c, 0xb3, 0x0c, 0x6f, 0xe1, 0x16, 0xc1, 0x88, 0x81, 0x01, 0x80, 
    0x20, 0x18, 0x34, 0xb3, 0xb7, 0x77, 0x83, 0x05, 0x04, 0x7d, 0x66, 0x09, 
    0xde, 0x62, 0xa0, 0xc2, 0x10, 0xdc, 0x02, 0xd4, 0x83, 0xb6, 0xb0, 0x5b, 
    0x73, 0x3b, 0xf9, 0x18, 0xae, 0xb1, 0x9d, 0x7c, 0x46, 0x0c, 0x0c, 0x00, 
    0x04, 0xc1, 0xa0, 0xc1, 0xbd, 0xd6, 0x13, 0x86, 0x23, 0x02, 0xb9, 0x23, 
    0xbe, 0x59, 0x86, 0xb8, 0x80, 0x8b, 0x60, 0xc4, 0xc0, 0x00, 0x40, 0x10, 
    0x0c, 0x1a, 0xdd, 0x13, 0xbd, 0xc1, 0x02, 0x82, 0x3e, 0xb3, 0x04, 0x71, 
    0x31, 0x50, 0x61, 0x08, 0x70, 0xe1, 0xea, 0xc1, 0x5b, 0x58, 0x80, 0xc8, 
    0x67, 0x96, 0xc0, 0x2e, 0x86, 0x23, 0x7e, 0x2d, 0xed, 0x88, 0x6f, 0x96, 
    0xa1, 0x2e, 0xe6, 0x22, 0x18, 0x8e, 0x00, 0x37, 0xb6, 0x23, 0xbe, 0x59, 
    0x06, 0xba, 0xb0, 0x8b, 0xc0, 0xc2, 0x0d, 0xef, 0xe4, 0x63, 0xe2, 0x56, 
    0x77, 0xf2, 0xb1, 0xbc, 0x13, 0xe2, 0x63, 0xe4, 0x46, 0x6e, 0xf2, 0xb1, 
    0x40, 0x90, 0x8f, 0xc9, 0x1d, 0x11, 0x1f, 0x0b, 0x04, 0xf8, 0xcc, 0x12, 
    0xd8, 0x85, 0xa1, 0x1b, 0xba, 0xc9, 0xc7, 0xd2, 0x6d, 0xef, 0xe4, 0x63, 
    0x81, 0x20, 0x1f, 0x1b, 0x42, 0x4f, 0x3e, 0x66, 0x77, 0x41, 0x7c, 0x2c, 
    0x18, 0xe0, 0x33, 0x4b, 0x60, 0x17, 0x03, 0x35, 0x86, 0x1f, 0xac, 0x85, 
    0x50, 0x17, 0x0e, 0x5d, 0xb8, 0x7b, 0x30, 0x17, 0x60, 0x10, 0x17, 0xee, 
    0x1e, 0xb0, 0x85, 0x05, 0x63, 0x20, 0x9f, 0x5a, 0xb5, 0xf3, 0x83, 0x11, 
    0x83, 0x03, 0x00, 0x41, 0x30, 0xb0, 0xd8, 0xaf, 0xf6, 0x82, 0xf3, 0x1b, 
    0x31, 0x38, 0x00, 0x10, 0x04, 0x03, 0xab, 0xfd, 0x6a, 0x2f, 0x48, 0xb5, 
    0x11, 0x83, 0x06, 0x00, 0x41, 0x30, 0x58, 0xe6, 0x2f, 0xf7, 0xf2, 0x2e, 
    0xfd, 0x4e, 0x2d, 0xe8, 0xbd, 0xde, 0xeb, 0xbd, 0xde, 0x1b, 0x4d, 0x08, 
    0x80, 0xd1, 0x04, 0x21, 0x18, 0x4d, 0x18, 0x84, 0x11, 0x03, 0x03, 0x00, 
    0x41, 0x30, 0xa0, 0xe6, 0x0f, 0xfc, 0x86, 0xe9, 0x06, 0x22, 0xf4, 0x82, 
    0x11, 0x03, 0x03, 0x00, 0x41, 0x30, 0xa0, 0xea, 0x4f, 0xfc, 0x88, 0xe9, 
    0x86, 0x62, 0xf4, 0x82, 0x11, 0x03, 0x03, 0x00, 0x41, 0x30, 0xa0, 0xee, 
    0x8f, 0xfc, 0x8a, 0xe9, 0x06, 0xa3, 0xf4, 0x82, 0x11, 0x83, 0x06, 0x00, 
    0x41, 0x30, 0x58, 0xfa, 0x6f, 0xfc, 0x48, 0x6f, 0xfe, 0x62, 0x6d, 0x39, 
    0xbf, 0xf3, 0x3b, 0xbf, 0xf3, 0x1b, 0x4d, 0x08, 0x80, 0xd1, 0x04, 0x21, 
    0x18, 0x4d, 0x18, 0x84, 0x11, 0x03, 0x03, 0x00, 0x41, 0x30, 0xa0, 0xfa, 
    0x4f, 0xfd, 0x86, 0xe9, 0x06, 0x62, 0xf5, 0x82, 0x11, 0x03, 0x03, 0x00, 
    0x41, 0x30, 0xa0, 0xfe, 0x8f, 0xfd, 0x88, 0xe9, 0x86, 0xa2, 0xf5, 0x82, 
    0x11, 0x03, 0x03, 0x00, 0x41, 0x30, 0xa0, 0x42, 0x30, 0x70, 0xbf, 0x62, 
    0xba, 0xc1, 0x78, 0xbd, 0x60, 0x96, 0x01, 0x2f, 0xee, 0x62, 0xd4, 0xec, 
    0x29, 0xe2, 0x63, 0x0e, 0x11, 0x1f, 0x6b, 0x86, 0xf8, 0xcc, 0x12, 0xe4, 
    0xc5, 0x88, 0xc1, 0x01, 0x80, 0x20, 0x18, 0x70, 0x23, 0x18, 0xbc, 0x9f, 
    0xeb, 0x85, 0x60, 0x30, 0x9a, 0x10, 0x0c, 0x23, 0x06, 0x07, 0x00, 0x82, 
    0x60, 0xf0, 0xa8, 0x60, 0x70, 0x7f, 0x81, 0xed, 0x8d, 0x18, 0x1c, 0x00, 
    0x08, 0x82, 0xc1, 0xb3, 0x82, 0x01, 0xfe, 0x55, 0xb6, 0x37, 0x62, 0x70, 
    0x00, 0x20, 0x08, 0x06, 0x0f, 0x0b, 0x06, 0xf9, 0x47, 0xdd, 0xde, 0x88, 
    0xc1, 0x01, 0x80, 0x20, 0x18, 0x3c, 0x2d, 0x18, 0xe8, 0xdf, 0x84, 0x7b, 
    0x36, 0xec, 0x1e, 0x7c, 0x6c, 0xe0, 0x3d, 0xf8, 0xd8, 0xd0, 0x7b, 0xf0, 
    0x19, 0x31, 0x38, 0x00, 0x10, 0x04, 0x83, 0x27, 0x06, 0x03, 0xff, 0x8b, 
    0x78, 0x6f, 0xc4, 0xe0, 0x00, 0x40, 0x10, 0x0c, 0x1e, 0x19, 0x0c, 0xfe, 
    0x0f, 0xea, 0xbd, 0x11, 0x83, 0x03, 0x00, 0x41, 0x30, 0x78, 0x66, 0x30, 
    0x00, 0xc1, 0xe0, 0xf1, 0x3d, 0x1b, 0xc2, 0x0f, 0x3e, 0x36, 0x88, 0x1f, 
    0x7c, 0x6c, 0x18, 0x3f, 0xf8, 0x58, 0x32, 0xd0, 0xc7, 0x92, 0x81, 0x3e, 
    0x96, 0x0c, 0xf4, 0x19, 0x31, 0x38, 0x00, 0x10, 0x04, 0x83, 0x47, 0x07, 
    0x83, 0x13, 0x0c, 0x86, 0xf2, 0x1b, 0x31, 0x38, 0x00, 0x10, 0x04, 0x83, 
    0x67, 0x07, 0x03, 0x14, 0x0c, 0x06, 0xf3, 0x1b, 0x31, 0x38, 0x00, 0x10, 
    0x04, 0x83, 0x87, 0x07, 0x83, 0x14, 0x0c, 0x86, 0xf3, 0x1b, 0x31, 0x38, 
    0x00, 0x10, 0x04, 0x83, 0xa7, 0x07, 0x83, 0x13, 0x0c, 0x86, 0x69, 0xc4, 
    0xe0, 0x00, 0x40, 0x10, 0x0c, 0x1e, 0x1f, 0x0c, 0x50, 0x30, 0x18, 0xa8, 
    0x11, 0x83, 0x03, 0x00, 0x41, 0x30, 0x78, 0x7e, 0x30, 0x48, 0xc1, 0x60, 
    0xa8, 0x66, 0x09, 0xf2, 0x62, 0xa0, 0xc2, 0x30, 0xf0, 0xc2, 0x0e, 0xee, 
    0x62, 0xa0, 0xc2, 0x30, 0xf0, 0xc2, 0x0e, 0xee, 0x62, 0xa0, 0xc2, 0x30, 
    0xf0, 0xc2, 0x0e, 0xee, 0xc2, 0x06, 0x3b, 0x90, 0x8f, 0x0d, 0x77, 0x20, 
    0x1f, 0x1b, 0xf0, 0x40, 0x3e, 0x36, 0x12, 0x03, 0x7c, 0x6c, 0x24, 0x06, 
    0xf8, 0xd8, 0x48, 0x0c, 0xf0, 0xb1, 0x91, 0xe0, 0x03, 0xf8, 0xcc, 0x32, 
    0x88, 0x86, 0x5e, 0xc4, 0xde, 0x70, 0x83, 0xec, 0xfd, 0x60, 0x00, 0x06, 
    0xb3, 0x0c, 0x7c, 0xb1, 0x17, 0x81, 0xdd, 0xdf, 0xa9, 0xc5, 0x67, 0xc4, 
    0xe0, 0x00, 0x40, 0x10, 0x0c, 0x1e, 0x36, 0x0c, 0x72, 0x30, 0x08, 0xee, 
    0x6f, 0x96, 0xc0, 0x34, 0x86, 0x23, 0x52, 0x6d, 0xff, 0x88, 0x6f, 0x96, 
    0xa1, 0x2f, 0x4c, 0x23, 0x30, 0x55, 0x2b, 0xc1, 0x40, 0x3e, 0x23, 0x06, 
    0x06, 0x00, 0x82, 0x60, 0xd0, 0xc0, 0x61, 0x50, 0x86, 0xc1, 0xaa, 0x0d, 
    0x47, 0x04, 0x2a, 0x18, 0x10, 0xdf, 0x2c, 0xc3, 0x5f, 0xf8, 0x45, 0x30, 
    0x62, 0x60, 0x00, 0x20, 0x08, 0x06, 0x8d, 0x1c, 0x06, 0x3a, 0x18, 0x0c, 
    0x16, 0x10, 0xf4, 0x99, 0x25, 0xf8, 0x8b, 0x81, 0x0a, 0x43, 0xf0, 0x0b, 
    0xff, 0x0f, 0xfa, 0xc2, 0x60, 0xad, 0x05, 0x03, 0xf9, 0x58, 0xac, 0xad, 
    0x60, 0x20, 0x9f, 0x11, 0x03, 0x03, 0x00, 0x41, 0x30, 0x68, 0xee, 0x30, 
    0x60, 0xc3, 0x40, 0x18, 0x8e, 0x08, 0x62, 0x30, 0x20, 0xbe, 0x59, 0x86, 
    0xd0, 0x00, 0x8d, 0x60, 0xc4, 0xc0, 0x00, 0x40, 0x10, 0x0c, 0x9a, 0x3c, 
    0x0c, 0xc2, 0x30, 0x18, 0x2c, 0x20, 0xe8, 0x33, 0x4b, 0x10, 0x1a, 0x03, 
    0x15, 0x86, 0x00, 0x1a, 0x2c, 0x28, 0xfc, 0x85, 0x05, 0x88, 0x7c, 0x66, 
    0x09, 0x4c, 0x63, 0x38, 0x02, 0xd7, 0x50, 0x30, 0x20, 0xbe, 0x59, 0x86, 
    0xd2, 0x18, 0x8d, 0x60, 0x38, 0x22, 0xd7, 0x56, 0x30, 0x20, 0xbe, 0x59, 
    0x06, 0xd2, 0x30, 0x8d, 0xc0, 0x74, 0xed, 0x06, 0x03, 0xf9, 0xd8, 0xae, 
    0xd1, 0x60, 0x20, 0x1f, 0xc3, 0xc1, 0x40, 0x88, 0x8f, 0xf5, 0x5a, 0xaf, 
    0xc9, 0xc7, 0x02, 0x41, 0x3e, 0x16, 0x83, 0x01, 0x11, 0x1f, 0x0b, 0x04, 
    0xf8, 0xcc, 0x12, 0x98, 0x86, 0x85, 0x5b, 0xb8, 0xc9, 0xc7, 0xc4, 0x4d, 
    0x07, 0x03, 0xf9, 0x58, 0x20, 0xc8, 0xc7, 0x06, 0x30, 0x0c, 0xe4, 0x63, 
    0x35, 0x18, 0x04, 0xf1, 0xb1, 0x60, 0x80, 0xcf, 0x2c, 0x81, 0x69, 0x0c, 
    0xd4, 0x18, 0x7e, 0xb0, 0x17, 0x42, 0x69, 0x38, 0xa4, 0xc1, 0x86, 0xc2, 
    0x68, 0x80, 0x41, 0x68, 0xb0, 0xa1, 0xc0, 0x17, 0x16, 0x88, 0x84, 0x7c, 
    0x46, 0x0c, 0x1a, 0x00, 0x04, 0xc1, 0x60, 0x79, 0xc5, 0xa0, 0x0e, 0x83, 
    0x1a, 0x0c, 0x4a, 0x31, 0x20, 0xb5, 0x5e, 0xc8, 0xc3, 0x20, 0x0f, 0x83, 
    0x3c, 0x0c, 0xf2, 0x30, 0x18, 0x4d, 0x08, 0x80, 0xd1, 0x04, 0x21, 0x18, 
    0x4d, 0x18, 0x84, 0x11, 0x03, 0x03, 0x00, 0x41, 0x30, 0xa0, 0x5e, 0x31, 
    0xe0, 0xc3, 0x60, 0x98, 0x6e, 0x20, 0x7a, 0x30, 0x08, 0x46, 0x0c, 0x0c, 
    0x00, 0x04, 0xc1, 0x80, 0x8a, 0xc5, 0xc0, 0x0f, 0x03, 0x62, 0xba, 0xa1, 
    0xf8, 0xc1, 0x20, 0x18, 0x31, 0x30, 0x00, 0x10, 0x04, 0x03, 0x6a, 0x16, 
    0x03, 0x50, 0x0c, 0x8a, 0xe9, 0x06, 0x23, 0x0c, 0x83, 0x60, 0xc4, 0xa0, 
    0x01, 0x40, 0x10, 0x0c, 0x96, 0x5c, 0x0c, 0xfe, 0x30, 0x00, 0xc3, 0xe0, 
    0x15, 0x03, 0x57, 0x3b, 0x87, 0x51, 0x0c, 0x46, 0x31, 0x18, 0xc5, 0x60, 
    0x14, 0x83, 0xd1, 0x84, 0x00, 0x18, 0x4d, 0x10, 0x82, 0xd1, 0x84, 0x41, 
    0x18, 0x31, 0x30, 0x00, 0x10, 0x04, 0x03, 0x2a, 0x17, 0x03, 0x53, 0x0c, 
    0x86, 0xe9, 0x06, 0xe2, 0x0c, 0x83, 0x60, 0xc4, 0xc0, 0x00, 0x40, 0x10, 
    0x0c, 0xa8, 0x5d, 0x0c, 0x50, 0x31, 0x20, 0xa6, 0x1b, 0x8a, 0x34, 0x0c, 
    0x82, 0x11, 0x03, 0x03, 0x00, 0x41, 0x30, 0xa0, 0x7a, 0x31, 0x50, 0xc5, 
    0xa0, 0x98, 0x6e, 0x30, 0xd6, 0x30, 0x08, 0x66, 0x19, 0x50, 0xe3, 0x34, 
    0x7e, 0xce, 0x9e, 0x22, 0x3e, 0xe6, 0x10, 0xf1, 0xb1, 0x66, 0x88, 0xcf, 
    0x2c, 0x41, 0x6a, 0x8c, 0x18, 0x1c, 0x00, 0x08, 0x82, 0x01, 0xf7, 0x8b, 
    0xc1, 0x2a, 0x06, 0x6a, 0x18, 0xf4, 0x62, 0x30, 0x9a, 0x10, 0x0c, 0x23, 
    0x06, 0x07, 0x00, 0x82, 0x60, 0xf0, 0x98, 0x63, 0x30, 0x8b, 0x41, 0x20, 
    0x87, 0xc1, 0x88, 0xc1, 0x01, 0x80, 0x20, 0x18, 0x3c, 0xe7, 0x18, 0xd0, 
    0x62, 0x50, 0xc9, 0x61, 0x30, 0x62, 0x70, 0x00, 0x20, 0x08, 0x06, 0x0f, 
    0x3a, 0x06, 0xb5, 0x18, 0x50, 0x73, 0x18, 0x8c, 0x18, 0x1c, 0x00, 0x08, 
    0x82, 0xc1, 0x93, 0x8e, 0x81, 0x2d, 0x06, 0x13, 0x1d, 0x06, 0x36, 0xdc, 
    0x61, 0x00, 0x1f, 0x1b, 0xf0, 0x30, 0x80, 0x8f, 0x0d, 0x79, 0x18, 0xc0, 
    0x67, 0xc4, 0xe0, 0x00, 0x40, 0x10, 0x0c, 0x9e, 0x76, 0x0c, 0x74, 0x31, 
    0x88, 0xf0, 0x30, 0x18, 0x31, 0x38, 0x00, 0x10, 0x04, 0x83, 0xc7, 0x1d, 
    0x83, 0x5d, 0x0c, 0xa0, 0x3c, 0x0c, 0x46, 0x0c, 0x0e, 0x00, 0x04, 0xc1, 
    0xe0, 0x79, 0xc7, 0x80, 0x17, 0x83, 0x47, 0x0f, 0x03, 0x1b, 0xfa, 0x30, 
    0x80, 0x8f, 0x0d, 0x7e, 0x18, 0xc0, 0xc7, 0x86, 0x3f, 0x0c, 0xe0, 0x63, 
    0xc9, 0x40, 0x1f, 0x4b, 0x06, 0xfa, 0x58, 0x32, 0xd0, 0x67, 0xc4, 0xe0, 
    0x00, 0x40, 0x10, 0x0c, 0x1e, 0x7b, 0x0c, 0xc6, 0x31, 0x18, 0x42, 0x31, 
    0x18, 0x31, 0x38, 0x00, 0x10, 0x04, 0x83, 0xe7, 0x1e, 0x03, 0x72, 0x0c, 
    0x06, 0x51, 0x0c, 0x46, 0x0c, 0x0e, 0x00, 0x04, 0xc1, 0xe0, 0xc1, 0xc7, 
    0xa0, 0x1c, 0x83, 0x61, 0x14, 0x83, 0x11, 0x83, 0x03, 0x00, 0x41, 0x30, 
    0x78, 0xf2, 0x31, 0x18, 0xc7, 0x60, 0x98, 0x46, 0x0c, 0x0e, 0x00, 0x04, 
    0xc1, 0xe0, 0xd1, 0xc7, 0x80, 0x1c, 0x83, 0x81, 0x1a, 0x31, 0x38, 0x00, 
    0x10, 0x04, 0x83, 0x67, 0x1f, 0x83, 0x72, 0x0c, 0x86, 0x6a, 0x96, 0x20, 
    0x35, 0x06, 0x2a, 0x0c, 0x03, 0x35, 0xec, 0xe0, 0x34, 0x06, 0x2a, 0x0c, 
    0x03, 0x35, 0xec, 0xe0, 0x34, 0x06, 0x2a, 0x0c, 0x03, 0x35, 0xec, 0xe0, 
    0x34, 0x6c, 0x98, 0x03, 0xf9, 0xd8, 0x40, 0x07, 0xf2, 0xb1, 0xa1, 0x0e, 
    0xe4, 0x63, 0xbc, 0x30, 0xc0, 0xc7, 0x78, 0x61, 0x80, 0x8f, 0xf1, 0xc2, 
    0x00, 0x1f, 0xe3, 0x85, 0x3c, 0x80, 0xcf, 0x88, 0xc1, 0x01, 0x80, 0x20, 
    0x18, 0x3c, 0x26, 0x19, 0xc0, 0x63, 0x10, 0x2a, 0xca, 0x88, 0xc1, 0x01, 
    0x80, 0x20, 0x18, 0x3c, 0x27, 0x19, 0xc4, 0x63, 0x10, 0x2a, 0xca, 0x88, 
    0xc1, 0x01, 0x80, 0x20, 0x18, 0x3c, 0x28, 0x19, 0xc8, 0x63, 0x10, 0x2a, 
    0xca, 0x88, 0xc1, 0x01, 0x80, 0x20, 0x18, 0x3c, 0x29, 0x19, 0xd8, 0x63, 
    0x10, 0x2a, 0xcd, 0x88, 0xc1, 0x01, 0x80, 0x20, 0x18, 0x3c, 0x2a, 0x19, 
    0xdc, 0x63, 0x10, 0x2a, 0xcd, 0x88, 0xc1, 0x01, 0x80, 0x20, 0x18, 0x3c, 
    0x2b, 0x19, 0xe0, 0x63, 0x10, 0x2a, 0xcd, 0x2c, 0x83, 0x6c, 0xa8, 0xc6, 
    0x1c, 0x06, 0xc3, 0x0d, 0x74, 0x18, 0x84, 0x64, 0x00, 0x06, 0xb3, 0x0c, 
    0xac, 0xb1, 0x1a, 0x81, 0xe5, 0x62, 0x90, 0x6a, 0xf1, 0x19, 0x31, 0x38, 
    0x00, 0x10, 0x04, 0x83, 0xc7, 0x25, 0x83, 0x7d, 0x0c, 0x82, 0x5c, 0x0c, 
    0x66, 0x09, 0x6c, 0x63, 0x38, 0x62, 0xd5, 0x7a, 0x31, 0x20, 0xbe, 0x59, 
    0x86, 0xd6, 0xb0, 0x8d, 0xc0, 0x58, 0xed, 0x1c, 0x03, 0xf9, 0x8c, 0x18, 
    0x18, 0x00, 0x08, 0x82, 0x41, 0x23, 0x93, 0xc1, 0x49, 0x06, 0xad, 0x36, 
    0x1c, 0x11, 0xb0, 0x63, 0x40, 0x7c, 0xb3, 0x0c, 0xaf, 0xe1, 0x1a, 0xc1, 
    0x88, 0x81, 0x01, 0x80, 0x20, 0x18, 0x34, 0x34, 0x19, 0xf0, 0x63, 0x30, 
    0x58, 0x40, 0xd0, 0x67, 0x96, 0xe0, 0x35, 0x06, 0x2a, 0x0c, 0xc1, 0x35, 
    0x44, 0x53, 0x68, 0x0d, 0x93, 0xb5, 0x77, 0x0c, 0xe4, 0x63, 0xb3, 0xd6, 
    0x8e, 0x81, 0x7c, 0x46, 0x0c, 0x0c, 0x00, 0x04, 0xc1, 0xa0, 0xc9, 0xc9, 
    0xc0, 0x25, 0x03, 0x61, 0x38, 0x22, 0x98, 0xc7, 0x80, 0xf8, 0x66, 0x19, 
    0x62, 0x03, 0x36, 0x82, 0x11, 0x03, 0x03, 0x00, 0x41, 0x30, 0x68, 0x76, 
    0x32, 0x18, 0xc9, 0x60, 0xb0, 0x80, 0xa0, 0xcf, 0x2c, 0x41, 0x6c, 0x0c, 
    0x54, 0x18, 0x02, 0x6c, 0xc0, 0xa6, 0xf0, 0x1a, 0x16, 0x20, 0xf2, 0x99, 
    0x25, 0xb0, 0x8d, 0xe1, 0x08, 0x5d, 0x53, 0xc7, 0x80, 0xf8, 0x66, 0x19, 
    0x6a, 0x63, 0x36, 0x82, 0xe1, 0x88, 0x5d, 0x6b, 0xc7, 0x80, 0xf8, 0x66, 
    0x19, 0x68, 0xc3, 0x36, 0x02, 0xe3, 0xb5, 0x7c, 0x0c, 0xe4, 0x63, 0xbd, 
    0x66, 0x8f, 0x81, 0x7c, 0x4c, 0x1f, 0x03, 0x21, 0x3e, 0xf6, 0x6b, 0xbf, 
    0x26, 0x1f, 0x0b, 0x04, 0xf9, 0xd8, 0x3c, 0x06, 0x44, 0x7c, 0x2c, 0x10, 
    0xe0, 0x33, 0x4b, 0x60, 0x1b, 0x36, 0x6e, 0xe3, 0x26, 0x1f, 0x23, 0x37, 
    0x7e, 0x0c, 0xe4, 0x63, 0x81, 0x20, 0x1f, 0x1b, 0x44, 0x32, 0x90, 0x8f, 
    0xdd, 0x63, 0x10, 0xc4, 0xc7, 0x82, 0x01, 0x3e, 0xb3, 0x04, 0xb6, 0x31, 
    0x50, 0x63, 0xf8, 0xc1, 0x6a, 0x08, 0xb5, 0xe1, 0xd0, 0x06, 0x7c, 0x0a, 
    0xb3, 0x01, 0x06, 0xb1, 0x01, 0x9f, 0x02, 0x6b, 0x58, 0x40, 0x1e, 0xf2, 
    0x19, 0x31, 0x68, 0x00, 0x10, 0x04, 0x83, 0x25, 0x2e, 0x83, 0x9b, 0x0c, 
    0xee, 0x31, 0x38, 0xcb, 0xa0, 0xd4, 0xfe, 0x62, 0x27, 0x83, 0x9d, 0x0c, 
    0x76, 0x32, 0xd8, 0xc9, 0x60, 0x34, 0x21, 0x00, 0x46, 0x13, 0x84, 0x60, 
    0x34, 0x61, 0x10, 0x46, 0x0c, 0x0c, 0x00, 0x04, 0xc1, 0x80, 0x8a, 0xcb, 
    0xc0, 0x27, 0x83, 0x61, 0xba, 0x81, 0xf8, 0xc7, 0x20, 0x18, 0x31, 0x30, 
    0x00, 0x10, 0x04, 0x03, 0x6a, 0x2e, 0x03, 0xb0, 0x0c, 0x88, 0xe9, 0x86, 
    0x22, 0x24, 0x83, 0x60, 0xc4, 0xc0, 0x00, 0x40, 0x10, 0x0c, 0xa8, 0xba, 
    0x0c, 0xc4, 0x32, 0x28, 0xa6, 0x1b, 0x8c, 0x91, 0x0c, 0x82, 0x11, 0x83, 
    0x06, 0x00, 0x41, 0x30, 0x58, 0xf6, 0x32, 0x08, 0xcb, 0x40, 0x24, 0x83, 
    0xb8, 0x0c, 0x5e, 0x2d, 0x35, 0xca, 0x32, 0x28, 0xcb, 0xa0, 0x2c, 0x83, 
    0xb2, 0x0c, 0x46, 0x13, 0x02, 0x60, 0x34, 0x41, 0x08, 0x46, 0x13, 0x06, 
    0x61, 0xc4, 0xc0, 0x00, 0x40, 0x10, 0x0c, 0xa8, 0xbd, 0x0c, 0xd0, 0x32, 
    0x18, 0xa6, 0x1b, 0x88, 0x94, 0x0c, 0x82, 0x11, 0x03, 0x03, 0x00, 0x41, 
    0x30, 0xa0, 0xfa, 0x32, 0x50, 0xcb, 0x80, 0x98, 0x6e, 0x28, 0x56, 0x32, 
    0x08, 0x46, 0x0c, 0x0c, 0x00, 0x04, 0xc1, 0x80, 0xfa, 0xcb, 0x80, 0x2d, 
    0x83, 0x62, 0xba, 0xc1, 0x68, 0xc9, 0x20, 0x98, 0x65, 0xc0, 0x8d, 0xdb, 
    0x08, 0xc1, 0xc0, 0x9e, 0x22, 0x3e, 0xe6, 0x10, 0xf1, 0xb1, 0x66, 0x88, 
    0xcf, 0x2c, 0x41, 0x6e, 0x8c, 0x18, 0x1c, 0x00, 0x08, 0x82, 0x01, 0x17, 
    0x9a, 0x41, 0x5b, 0x06, 0x2c, 0x19, 0xfc, 0x65, 0x30, 0x9a, 0x10, 0x0c, 
    0x23, 0x06, 0x07, 0x00, 0x82, 0x60, 0xf0, 0xa0, 0x66, 0x50, 0x97, 0x41, 
    0x40, 0x93, 0xc1, 0x88, 0xc1, 0x01, 0x80, 0x20, 0x18, 0x3c, 0xa9, 0x19, 
    0xd8, 0x65, 0x50, 0xd1, 0x64, 0x30, 0x62, 0x70, 0x00, 0x20, 0x08, 0x06, 
    0x8f, 0x6a, 0x06, 0x77, 0x19, 0x50, 0x35, 0x19, 0x8c, 0x18, 0x1c, 0x00, 
    0x08, 0x82, 0xc1, 0xb3, 0x9a, 0x01, 0x5e, 0x06, 0x93, 0x4d, 0x06, 0x36, 
    0xe4, 0x64, 0x00, 0x1f, 0x1b, 0x74, 0x32, 0x80, 0x8f, 0x0d, 0x3b, 0x19, 
    0xc0, 0x67, 0xc4, 0xe0, 0x00, 0x40, 0x10, 0x0c, 0x9e, 0xd7, 0x0c, 0xf8, 
    0x32, 0x88, 0x74, 0x32, 0x18, 0x31, 0x38, 0x00, 0x10, 0x04, 0x83, 0x07, 
    0x36, 0x83, 0xbe, 0x0c, 0xa0, 0x9d, 0x0c, 0x46, 0x0c, 0x0e, 0x00, 0x04, 
    0xc1, 0xe0, 0x89, 0xcd, 0xc0, 0x2f, 0x83, 0x87, 0x27, 0x03, 0x1b, 0x7e, 
    0x32, 0x80, 0x8f, 0x0d, 0x60, 0x19, 0xc0, 0xc7, 0x86, 0xb0, 0x0c, 0xe0, 
    0x63, 0xc9, 0x40, 0x1f, 0x4b, 0x06, 0xfa, 0x58, 0x32, 0xd0, 0x67, 0xc4, 
    0xe0, 0x00, 0x40, 0x10, 0x0c, 0x1e, 0xdc, 0x0c, 0x4a, 0x33, 0x18, 0xc6, 
    0x32, 0x18, 0x31, 0x38, 0x00, 0x10, 0x04, 0x83, 0x27, 0x37, 0x03, 0xd3, 
    0x0c, 0x06, 0xb2, 0x0c, 0x46, 0x0c, 0x0e, 0x00, 0x04, 0xc1, 0xe0, 0xd1, 
    0xcd, 0xe0, 0x34, 0x83, 0xa1, 0x2c, 0x83, 0x11, 0x83, 0x03, 0x00, 0x41, 
    0x30, 0x78, 0x76, 0x33, 0x28, 0xcd, 0x60, 0x98, 0x46, 0x0c, 0x0e, 0x00, 
    0x04, 0xc1, 0xe0, 0xe1, 0xcd, 0xc0, 0x34, 0x83, 0x81, 0x1a, 0x31, 0x38, 
    0x00, 0x10, 0x04, 0x83, 0xa7, 0x37, 0x83, 0xd3, 0x0c, 0x86, 0x6a, 0x96, 
    0x20, 0x37, 0x06, 0x2a, 0x0c, 0x03, 0x37, 0xec, 0xe0, 0x36, 0x06, 0x2a, 
    0x0c, 0x03, 0x37, 0xec, 0xe0, 0x36, 0x06, 0x2a, 0x0c, 0x03, 0x37, 0xec, 
    0xe0, 0x36, 0x6c, 0x98, 0x03, 0xf9, 0xd8, 0x40, 0x07, 0xf2, 0xb1, 0xa1, 
    0x0e, 0xe4, 0x63, 0xe2, 0x30, 0xc0, 0xc7, 0xc4, 0x61, 0x80, 0x8f, 0x89, 
    0xc3, 0x00, 0x1f, 0x13, 0x87, 0x3c, 0x80, 0xcf, 0x88, 0xc1, 0x01, 0x80, 
    0x20, 0x18, 0x3c, 0xe8, 0x19, 0xc8, 0x66, 0x20, 0x0e, 0xca, 0x88, 0xc1, 
    0x01, 0x80, 0x20, 0x18, 0x3c, 0xe9, 0x19, 0xcc, 0x66, 0x20, 0x0e, 0xca, 
    0x88, 0xc1, 0x01, 0x80, 0x20, 0x18, 0x3c, 0xea, 0x19, 0xd0, 0x66, 0x20, 
    0x0e, 0xca, 0x88, 0xc1, 0x01, 0x80, 0x20, 0x18, 0x3c, 0xeb, 0x19, 0xe0, 
    0x66, 0x20, 0x0e, 0xcd, 0x88, 0xc1, 0x01, 0x80, 0x20, 0x18, 0x3c, 0xec, 
    0x19, 0xe4, 0x66, 0x20, 0x0e, 0xcd, 0x88, 0xc1, 0x01, 0x80, 0x20, 0x18, 
    0x3c, 0xed, 0x19, 0xe8, 0x66, 0x20, 0x0e, 0xcd, 0x2c, 0x83, 0x78, 0xe8, 
    0x46, 0x4d, 0x06, 0xc3, 0x0d, 0x36, 0x19, 0x8c, 0x67, 0x00, 0x06, 0xb3, 
    0x0c, 0xbc, 0xb1, 0x1b, 0x81, 0xed, 0x65, 0xa0, 0x6a, 0xf1, 0x19, 0x31, 
    0x38, 0x00, 0x10, 0x04, 0x83, 0x07, 0x3e, 0x83, 0xde, 0x0c, 0x82, 0xbd, 
    0x0c, 0x66, 0x09, 0xcc, 0x63, 0x38, 0x82, 0xd5, 0xfe, 0x32, 0x20, 0xbe, 
    0x59, 0x86, 0xde, 0x30, 0x8f, 0xc0, 0x5a, 0x2d, 0x35, 0x03, 0xf9, 0x8c, 
    0x18, 0x18, 0x00, 0x08, 0x82, 0x41, 0x43, 0x9f, 0x41, 0x7a, 0x06, 0xae, 
    0x36, 0x1c, 0x11, 0xb8, 0x66, 0x40, 0x7c, 0xb3, 0x0c, 0xbf, 0xe1, 0x1b, 
    0xc1, 0x88, 0x81, 0x01, 0x80, 0x20, 0x18, 0x34, 0xf6, 0x19, 0xf8, 0x66, 
    0x30, 0x58, 0x40, 0xd0, 0x67, 0x96, 0xe0, 0x37, 0x06, 0x2a, 0x0c, 0xc1, 
    0x37, 0x4c, 0x56, 0xe8, 0x0d, 0x9b, 0xb5, 0xd8, 0x0c, 0xe4, 0x63, 0xb4, 
    0xf6, 0x9a, 0x81, 0x7c, 0x46, 0x0c, 0x0c, 0x00, 0x04, 0xc1, 0xa0, 0xd9, 
    0xcf, 0x00, 0x3e, 0x03, 0x61, 0x38, 0x22, 0xa8, 0xcd, 0x80, 0xf8, 0x66, 
    0x19, 0xc2, 0x03, 0x3c, 0x82, 0x11, 0x03, 0x03, 0x00, 0x41, 0x30, 0x68, 
    0xfa, 0x33, 0x28, 0xcf, 0x60, 0xb0, 0x80, 0xa0, 0xcf, 0x2c, 0x41, 0x78, 
    0x0c, 0x54, 0x18, 0x02, 0x78, 0xd0, 0xac, 0xf0, 0x1b, 0x16, 0x20, 0xf2, 
    0x99, 0x25, 0x30, 0x8f, 0xe1, 0x88, 0x5d, 0x63, 0xcd, 0x80, 0xf8, 0x66, 
    0x19, 0xca, 0x63, 0x3c, 0x82, 0xe1, 0x08, 0x5e, 0x7b, 0xcd, 0x80, 0xf8, 
    0x66, 0x19, 0xc8, 0xc3, 0x3c, 0x02, 0xeb, 0xb5, 0xdd, 0x0c, 0xe4, 0x63, 
    0xbe, 0x86, 0x9b, 0x81, 0x7c, 0x8c, 0x37, 0x03, 0x21, 0x3e, 0x06, 0x6e, 
    0xe0, 0x26, 0x1f, 0x0b, 0x04, 0xf9, 0x58, 0x6d, 0x06, 0x44, 0x7c, 0x2c, 
    0x10, 0xe0, 0x33, 0x4b, 0x60, 0x1e, 0x46, 0x6e, 0xe4, 0x26, 0x1f, 0x2b, 
    0x37, 0xdf, 0x0c, 0xe4, 0x63, 0x81, 0x20, 0x1f, 0x1b, 0xc8, 0x33, 0x90, 
    0x8f, 0xe5, 0x66, 0x10, 0xc4, 0xc7, 0x82, 0x01, 0x3e, 0xb3, 0x04, 0xe6, 
    0x31, 0x50, 0x63, 0xf8, 0xc1, 0x6e, 0x08, 0xe5, 0xe1, 0x90, 0x07, 0xdd, 
    0x0a, 0xe3, 0x01, 0x06, 0xe1, 0x41, 0xb7, 0x02, 0x6f, 0x58, 0x60, 0x2a, 
    0xf2, 0x19, 0x31, 0x68, 0x00, 0x10, 0x04, 0x83, 0x65, 0x46, 0x83, 0xfc, 
    0x0c, 0x72, 0x33, 0x48, 0xd1, 0xc0, 0xd4, 0xc2, 0xa4, 0x3f, 0x83, 0xfe, 
    0x0c, 0xfa, 0x33, 0xe8, 0xcf, 0x60, 0x34, 0x21, 0x00, 0x46, 0x13, 0x84, 
    0x60, 0x34, 0x61, 0x10, 0x46, 0x0c, 0x0c, 0x00, 0x04, 0xc1, 0x80, 0x9a, 
    0xd1, 0x00, 0x44, 0x83, 0x61, 0xba, 0x81, 0x08, 0xcf, 0x20, 0x18, 0x31, 
    0x30, 0x00, 0x10, 0x04, 0x03, 0xaa, 0x46, 0x03, 0x11, 0x0d, 0x88, 0xe9, 
    0x86, 0x62, 0x3c, 0x83, 0x60, 0xc4, 0xc0, 0x00, 0x40, 0x10, 0x0c, 0xa8, 
    0x1b, 0x0d, 0x48, 0x34, 0x28, 0xa6, 0x1b, 0x8c, 0xf2, 0x0c, 0x82, 0x11, 
    0x83, 0x06, 0x00, 0x41, 0x30, 0x58, 0x7a, 0x34, 0x18, 0xd1, 0x80, 0x3c, 
    0x83, 0x19, 0x0d, 0x60, 0x6d, 0x4d, 0x4e, 0x34, 0x38, 0xd1, 0xe0, 0x44, 
    0x83, 0x13, 0x0d, 0x46, 0x13, 0x02, 0x60, 0x34, 0x41, 0x08, 0x46, 0x13, 
    0x06, 0x61, 0xc4, 0xc0, 0x00, 0x40, 0x10, 0x0c, 0xa8, 0x1e, 0x0d, 0x54, 
    0x34, 0x18, 0xa6, 0x1b, 0x88, 0xf5, 0x0c, 0x82, 0x11, 0x03, 0x03, 0x00, 
    0x41, 0x30, 0xa0, 0x7e, 0x34, 0x60, 0xd1, 0x80, 0x98, 0x6e, 0x28, 0xda, 
    0x33, 0x08, 0x46, 0x0c, 0x0c, 0x00, 0x04, 0xc1, 0x80, 0x0a, 0xd3, 0xc0, 
    0x45, 0x83, 0x62, 0xba, 0xc1, 0x78, 0xcf, 0x20, 0x98, 0x65, 0x40, 0x8f, 
    0xf3, 0x18, 0xc7, 0xc0, 0x9e, 0x22, 0x3e, 0xe6, 0x10, 0xf1, 0xb1, 0x66, 
    0x88, 0xcf, 0x2c, 0x41, 0x7a, 0x8c, 0x18, 0x1c, 0x00, 0x08, 0x82, 0x01, 
    0x37, 0xa6, 0xc1, 0x8b, 0x06, 0xee, 0x19, 0x84, 0x69, 0x30, 0x9a, 0x10, 
    0x0c, 0x23, 0x06, 0x07, 0x00, 0x82, 0x60, 0xf0, 0xa8, 0x69, 0x70, 0xa3, 
    0x41, 0x60, 0x9f, 0xc1, 0x88, 0xc1, 0x01, 0x80, 0x20, 0x18, 0x3c, 0x6b, 
    0x1a, 0xe0, 0x68, 0x50, 0xd9, 0x67, 0x30, 0x62, 0x70, 0x00, 0x20, 0x08, 
    0x06, 0x0f, 0x9b, 0x06, 0x39, 0x1a, 0x50, 0xf7, 0x19, 0x8c, 0x18, 0x1c, 
    0x00, 0x08, 0x82, 0xc1, 0xd3, 0xa6, 0x81, 0x8e, 0x06, 0x13, 0x7e, 0x06, 
    0x36, 0xec, 0x67, 0x00, 0x1f, 0x1b, 0xf8, 0x33, 0x80, 0x8f, 0x0d, 0xfd, 
    0x19, 0xc0, 0x67, 0xc4, 0xe0, 0x00, 0x40, 0x10, 0x0c, 0x9e, 0x38, 0x0d, 
    0x7c, 0x34, 0x88, 0xf8, 0x33, 0x18, 0x31, 0x38, 0x00, 0x10, 0x04, 0x83, 
    0x47, 0x4e, 0x83, 0x1f, 0x0d, 0xa0, 0xfe, 0x0c, 0x46, 0x0c, 0x0e, 0x00, 
    0x04, 0xc1, 0xe0, 0x99, 0xd3, 0x00, 0x4c, 0x83, 0xc7, 0x3f, 0x03, 0x1b, 
    0x42, 0x34, 0x80, 0x8f, 0x0d, 0x22, 0x1a, 0xc0, 0xc7, 0x86, 0x11, 0x0d, 
    0xe0, 0x63, 0xc9, 0x40, 0x1f, 0x4b, 0x06, 0xfa, 0x58, 0x32, 0xd0, 0x67, 
    0xc4, 0xe0, 0x00, 0x40, 0x10, 0x0c, 0x1e, 0x3d, 0x0d, 0xce, 0x34, 0x18, 
    0x4a, 0x34, 0x18, 0x31, 0x38, 0x00, 0x10, 0x04, 0x83, 0x67, 0x4f, 0x03, 
    0x34, 0x0d, 0x06, 0x13, 0x0d, 0x46, 0x0c, 0x0e, 0x00, 0x04, 0xc1, 0xe0, 
    0xe1, 0xd3, 0x20, 0x4d, 0x83, 0xe1, 0x44, 0x83, 0x11, 0x83, 0x03, 0x00, 
    0x41, 0x30, 0x78, 0xfa, 0x34, 0x38, 0xd3, 0x60, 0x98, 0x46, 0x0c, 0x0e, 
    0x00, 0x04, 0xc1, 0xe0, 0xf1, 0xd3, 0x00, 0x4d, 0x83, 0x81, 0x1a, 0x31, 
    0x38, 0x00, 0x10, 0x04, 0x83, 0xe7, 0x4f, 0x83, 0x34, 0x0d, 0x86, 0x6a, 
    0x96, 0x20, 0x3d, 0x06, 0x2a, 0x0c, 0x03, 0x3d, 0xec, 0xe0, 0x3c, 0x06, 
    0x2a, 0x0c, 0x03, 0x3d, 0xec, 0xe0, 0x3c, 0x06, 0x2a, 0x0c, 0x03, 0x3d, 
    0xec, 0xe0, 0x3c, 0x6c, 0x98, 0x03, 0xf9, 0xd8, 0x40, 0x07, 0xf2, 0xb1, 
    0xa1, 0x0e, 0xe4, 0x63, 0xe2, 0x30, 0xc0, 0xc7, 0xc4, 0x61, 0x80, 0x8f, 
    0x89, 0xc3, 0x00, 0x1f, 0x13, 0x87, 0x3c, 0x80, 0x8f, 0xd5, 0x67, 0xa0, 
    0xa3, 0x01, 0x7c, 0x46, 0x0c, 0x0c, 0x00, 0x04, 0xc1, 0xa0, 0x61, 0xd5, 
    0x20, 0x54, 0x83, 0x60, 0x96, 0x41, 0x3e, 0xd4, 0x63, 0x3e, 0x83, 0xe1, 
    0x06, 0xfa, 0x0c, 0x42, 0x35, 0x00, 0x83, 0x59, 0x06, 0xf6, 0x58, 0x8f, 
    0xc0, 0x72, 0x34, 0x10, 0xe2, 0x33, 0x62, 0x70, 0x00, 0x20, 0x08, 0x06, 
    0x8f, 0xab, 0x06, 0x7b, 0x1a, 0x04, 0x39, 0x1a, 0xcc, 0x12, 0xd8, 0xc7, 
    0x70, 0x04, 0xd1, 0xa3, 0x01, 0xf1, 0xcd, 0x32, 0xb4, 0x87, 0x7d, 0x04, 
    0x56, 0x9c, 0x69, 0x20, 0x9f, 0x11, 0x03, 0x03, 0x00, 0x41, 0x30, 0x68, 
    0x64, 0x35, 0x38, 0xd5, 0xc0, 0x18, 0x8e, 0x08, 0xd8, 0x34, 0x20, 0xbe, 
    0x59, 0x86, 0xf7, 0x70, 0x8f, 0x60, 0xc4, 0xc0, 0x00, 0x40, 0x10, 0x0c, 
    0x1a, 0x5a, 0x0d, 0xf8, 0x34, 0x18, 0x2c, 0x20, 0xe8, 0x33, 0x4b, 0xf0, 
    0x1e, 0x03, 0x15, 0x86, 0xe0, 0x1e, 0xa2, 0x2c, 0xb4, 0x87, 0x2d, 0x6f, 
    0x1a, 0xc8, 0xc7, 0x98, 0x36, 0x0d, 0xe4, 0x33, 0x62, 0x60, 0x00, 0x20, 
    0x08, 0x06, 0x4d, 0xae, 0x06, 0xae, 0x1a, 0x08, 0xc3, 0x11, 0xc1, 0x9c, 
    0x06, 0xc4, 0x37, 0xcb, 0x10, 0x1f, 0xf0, 0x11, 0x8c, 0x18, 0x18, 0x00, 
    0x08, 0x82, 0x41, 0xb3, 0xab, 0xc1, 0xa8, 0x06, 0x83, 0x05, 0x04, 0x7d, 
    0x66, 0x09, 0xe2, 0x63, 0xa0, 0xc2, 0x10, 0xe0, 0x03, 0x96, 0x85, 0xf7, 
    0xb0, 0x00, 0x91, 0xcf, 0x2c, 0x81, 0x7d, 0x0c, 0x47, 0x4c, 0x6a, 0x1a, 
    0x10, 0xdf, 0x2c, 0x43, 0x7d, 0xcc, 0x47, 0x30, 0x1c, 0x41, 0xb5, 0x69, 
    0x40, 0x7c, 0xb3, 0x0c, 0xf4, 0x61, 0x1f, 0x81, 0x55, 0x79, 0x1a, 0xc8, 
    0xc7, 0x2c, 0x3b, 0x0d, 0xe4, 0x63, 0x7a, 0x1a, 0x08, 0xf1, 0x31, 0x0c, 
    0x93, 0x8f, 0x05, 0x82, 0x7c, 0x6c, 0x4e, 0x03, 0x22, 0x3e, 0x16, 0x08, 
    0xf0, 0x99, 0x25, 0xb0, 0x0f, 0xe3, 0x38, 0xf9, 0x58, 0xc7, 0xa7, 0x81, 
    0x7c, 0x2c, 0x10, 0xe4, 0x63, 0x83, 0xa8, 0x06, 0xf2, 0xb1, 0x3b, 0x0d, 
    0x82, 0xf8, 0x58, 0x30, 0xc0, 0x67, 0x96, 0xc0, 0x3e, 0x06, 0x6a, 0x0c, 
    0x3f, 0x58, 0x0f, 0xa1, 0x3e, 0x1c, 0xfa, 0x80, 0x67, 0x61, 0x3e, 0xc0, 
    0x20, 0x3e, 0xe0, 0x59, 0x60, 0x8f, 0x59, 0x86, 0xff, 0xb8, 0x8f, 0x1a, 
    0x0d, 0x86, 0x1b, 0x6c, 0x34, 0x18, 0xd7, 0x00, 0x0c, 0x66, 0x19, 0xf2, 
    0x03, 0x3f, 0x02, 0xdb, 0xd3, 0x20, 0x3e, 0x83, 0xf8, 0x8c, 0x18, 0x1c, 
    0x00, 0x08, 0x82, 0xc1, 0x03, 0xaf, 0x41, 0xaf, 0x06, 0xc1, 0x9e, 0x06, 
    0xb3, 0x04, 0x23, 0x32, 0x1c, 0x31, 0x9f, 0xc1, 0x9f, 0x06, 0xc4, 0x37, 
    0xcb, 0xa0, 0x1f, 0x23, 0x12, 0x18, 0x7d, 0x06, 0xa9, 0x1a, 0xc8, 0x67, 
    0xc4, 0xc0, 0x00, 0x40, 0x10, 0x0c, 0x1a, 0x7a, 0x0d, 0xd2, 0x35, 0xa8, 
    0xcf, 0x60, 0x38, 0x22, 0x70, 0xd5, 0x80, 0xf8, 0x66, 0x19, 0xf8, 0x63, 
    0x3f, 0x82, 0x11, 0x03, 0x03, 0x00, 0x41, 0x30, 0x68, 0xec, 0x35, 0xf0, 
    0xd5, 0x60, 0xb0, 0x80, 0xa0, 0xcf, 0x2c, 0x01, 0x7f, 0x0c, 0x54, 0x18, 
    0xc2, 0x7e, 0x98, 0xb4, 0xa0, 0x1f, 0xa6, 0x9f, 0x41, 0xac, 0x06, 0xf2, 
    0xb1, 0xfd, 0x0c, 0x5e, 0x35, 0x90, 0xcf, 0x88, 0x81, 0x01, 0x80, 0x20, 
    0x18, 0x34, 0xfb, 0x1a, 0xc0, 0x6b, 0x20, 0x0c, 0x47, 0x04, 0xb5, 0x1a, 
    0x10, 0xdf, 0x2c, 0x83, 0x7f, 0xf4, 0x47, 0x30, 0x62, 0x60, 0x00, 0x20, 
    0x08, 0x06, 0x4d, 0xbf, 0x06, 0xe5, 0x1a, 0x0c, 0x16, 0x10, 0xf4, 0x99, 
    0x25, 0xf0, 0x8f, 0x81, 0x0a, 0x43, 0xe8, 0x0f, 0x9a, 0x16, 0xf8, 0xc3, 
    0x02, 0x44, 0x3e, 0xb3, 0x04, 0x23, 0x32, 0x1c, 0x21, 0xa2, 0x01, 0xab, 
    0x06, 0xc4, 0x37, 0xcb, 0x20, 0x22, 0x20, 0x12, 0x0c, 0x47, 0x8c, 0x68, 
    0xf0, 0xaa, 0x01, 0xf1, 0xcd, 0x32, 0x84, 0xc8, 0x88, 0x04, 0x46, 0xa2, 
    0xc1, 0xae, 0x06, 0xf2, 0xb1, 0x12, 0x0d, 0x70, 0x35, 0x90, 0x8f, 0xf1, 
    0x6a, 0x20, 0xc4, 0xc7, 0x4e, 0x34, 0x38, 0xd1, 0x40, 0x3e, 0x16, 0x08, 
    0xf2, 0xb1, 0x5a, 0x0d, 0x88, 0xf8, 0x58, 0x20, 0xc0, 0x67, 0x96, 0x60, 
    0x44, 0x6c, 0x45, 0x83, 0x15, 0x0d, 0xe4, 0x63, 0x2c, 0x1a, 0xf8, 0x6a, 
    0x20, 0x1f, 0x0b, 0x04, 0xf9, 0xd8, 0x40, 0xae, 0x81, 0x7c, 0x2c, 0x57, 
    0x83, 0x20, 0x3e, 0x16, 0x0c, 0xf0, 0x99, 0x25, 0x18, 0x91, 0x81, 0x1a, 
    0xc3, 0x0f, 0xf0, 0x43, 0x10, 0x11, 0x27, 0x44, 0xe8, 0x5a, 0x00, 0x11, 
    0x30, 0xf0, 0x0f, 0xba, 0x16, 0xf2, 0xc3, 0x82, 0x31, 0x90, 0x4f, 0xb9, 
    0x67, 0x60, 0xb2, 0x01, 0x8c, 0x18, 0x1c, 0x00, 0x08, 0x82, 0x81, 0xf5, 
    0xb2, 0x01, 0xbe, 0x06, 0x81, 0xca, 0x06, 0x23, 0x06, 0x07, 0x00, 0x82, 
    0x60, 0x60, 0xc1, 0x6c, 0x80, 0xaf, 0x41, 0xc0, 0x9e, 0xc1, 0x88, 0x41, 
    0x03, 0x80, 0x20, 0x18, 0x2c, 0x36, 0x1b, 0xf0, 0x6b, 0xc0, 0xab, 0x01, 
    0xcb, 0x06, 0xea, 0x19, 0x04, 0x20, 0x1b, 0x80, 0x6c, 0x00, 0xb2, 0x01, 
    0xc8, 0x06, 0xa3, 0x09, 0x01, 0x30, 0x9a, 0x20, 0x04, 0xa3, 0x09, 0x83, 
    0x30, 0x62, 0x60, 0x00, 0x20, 0x08, 0x06, 0x94, 0xcd, 0x06, 0x23, 0x1b, 
    0x0c, 0xd3, 0x0d, 0x04, 0xb9, 0x06, 0xc1, 0x88, 0x81, 0x01, 0x80, 0x20, 
    0x18, 0x50, 0x38, 0x1b, 0x94, 0x6c, 0x40, 0x4c, 0x37, 0x14, 0xe6, 0x1a, 
    0x04, 0x23, 0x06, 0x06, 0x00, 0x82, 0x60, 0x40, 0xe9, 0x6c, 0x70, 0xb2, 
    0x41, 0x31, 0xdd, 0x60, 0xa0, 0x6b, 0x10, 0x8c, 0x18, 0x34, 0x00, 0x08, 
    0x82, 0xc1, 0x02, 0xb6, 0x81, 0xc9, 0x06, 0xe7, 0x1a, 0xd8, 0x6c, 0x40, 
    0x9f, 0xc1, 0xa2, 0xb2, 0x81, 0xca, 0x06, 0x2a, 0x1b, 0xa8, 0x6c, 0x30, 
    0x9a, 0x10, 0x00, 0xa3, 0x09, 0x42, 0x30, 0x9a, 0x30, 0x08, 0x23, 0x06, 
    0x06, 0x00, 0x82, 0x60, 0x40, 0x81, 0x6d, 0xd0, 0xb2, 0xc1, 0x30, 0xdd, 
    0x40, 0xb8, 0x6b, 0x10, 0x8c, 0x18, 0x18, 0x00, 0x08, 0x82, 0x01, 0x25, 
    0xb6, 0xc1, 0xcb, 0x06, 0xc4, 0x74, 0x43, 0x01, 0xaf, 0x41, 0x30, 0x62, 
    0x60, 0x00, 0x20, 0x08, 0x06, 0x14, 0xd9, 0x06, 0x31, 0x1b, 0x14, 0xd3, 
    0x0d, 0x86, 0xbc, 0x06, 0xc1, 0x2c, 0x43, 0x89, 0x90, 0x88, 0x79, 0x06, 
    0xf6, 0x14, 0xf1, 0x31, 0x87, 0x88, 0x8f, 0x35, 0x43, 0x7c, 0x66, 0x09, 
    0x4c, 0x64, 0xc4, 0xe0, 0x00, 0x40, 0x10, 0x0c, 0x38, 0xb3, 0x0d, 0x64, 
    0x36, 0x88, 0xd7, 0x80, 0x6c, 0x83, 0xd1, 0x84, 0x60, 0x18, 0x31, 0x38, 
    0x00, 0x10, 0x04, 0x83, 0xa7, 0x6d, 0x03, 0x9d, 0x0d, 0x82, 0x7c, 0x0d, 
    0x46, 0x0c, 0x0e, 0x00, 0x04, 0xc1, 0xe0, 0x71, 0xdb, 0x60, 0x67, 0x83, 
    0x2a, 0x5f, 0x83, 0x11, 0x83, 0x03, 0x00, 0x41, 0x30, 0x78, 0xde, 0x36, 
    0xe0, 0xd9, 0x80, 0xd2, 0xd7, 0x60, 0xc4, 0xe0, 0x00, 0x40, 0x10, 0x0c, 
    0x1e, 0xb8, 0x0d, 0x7a, 0x36, 0x98, 0xf6, 0x35, 0xb0, 0xc1, 0x5f, 0x03, 
    0xf8, 0xd8, 0xf0, 0xaf, 0x01, 0x7c, 0x6c, 0x00, 0xd9, 0x00, 0x3e, 0x23, 
    0x06, 0x07, 0x00, 0x82, 0x60, 0xf0, 0xd0, 0x6d, 0x10, 0xb6, 0x41, 0xf4, 
    0xaf, 0xc1, 0x88, 0xc1, 0x01, 0x80, 0x20, 0x18, 0x3c, 0x75, 0x1b, 0x88, 
    0x6d, 0x00, 0x81, 0x6c, 0x30, 0x62, 0x70, 0x00, 0x20, 0x08, 0x06, 0x8f, 
    0xdd, 0x06, 0x63, 0x1b, 0x3c, 0x21, 0x1b, 0xd8, 0x40, 0xb2, 0x01, 0x7c, 
    0x6c, 0x28, 0xd9, 0x00, 0x3e, 0x36, 0x98, 0x6c, 0x00, 0x1f, 0x4b, 0x06, 
    0xfa, 0x58, 0x32, 0xd0, 0xc7, 0x92, 0x81, 0x3e, 0x23, 0x06, 0x07, 0x00, 
    0x82, 0x60, 0xf0, 0xf4, 0x6d, 0xa0, 0xb6, 0xc1, 0x80, 0xb2, 0xc1, 0x88, 
    0xc1, 0x01, 0x80, 0x20, 0x18, 0x3c, 0x7e, 0x1b, 0xac, 0x6d, 0x30, 0xa4, 
    0x6c, 0x30, 0x62, 0x70, 0x00, 0x20, 0x08, 0x06, 0xcf, 0xdf, 0x06, 0x6c, 
    0x1b, 0x0c, 0x2a, 0x1b, 0x8c, 0x18, 0x1c, 0x00, 0x08, 0x82, 0xc1, 0x03, 
    0xba, 0x81, 0xda, 0x06, 0xc3, 0x34, 0x62, 0x70, 0x00, 0x20, 0x08, 0x06, 
    0x4f, 0xe8, 0x06, 0x6b, 0x1b, 0x0c, 0xd4, 0x88, 0xc1, 0x01, 0x80, 0x20, 
    0x18, 0x3c, 0xa2, 0x1b, 0xb0, 0x6d, 0x30, 0x54, 0xb3, 0x04, 0x26, 0x32, 
    0x50, 0x61, 0x18, 0x25, 0x62, 0x07, 0x24, 0x32, 0x50, 0x61, 0x18, 0x25, 
    0x62, 0x07, 0x24, 0x32, 0x50, 0x61, 0x18, 0x25, 0x62, 0x07, 0x24, 0x62, 
    0x83, 0x1d, 0xc8, 0xc7, 0x86, 0x3b, 0x90, 0x8f, 0x0d, 0x78, 0x20, 0x1f, 
    0x1b, 0x89, 0x01, 0x3e, 0x36, 0x12, 0x03, 0x7c, 0x6c, 0x24, 0x06, 0xf8, 
    0xd8, 0x48, 0xf0, 0x01, 0x7c, 0x66, 0x19, 0x5e, 0xe4, 0x44, 0xe8, 0x35, 
    0x18, 0x6e, 0xa8, 0xd7, 0x40, 0x74, 0x03, 0x30, 0x98, 0x65, 0x48, 0x11, 
    0x14, 0x09, 0x4c, 0x67, 0x03, 0xf5, 0x0c, 0xe2, 0x33, 0x62, 0x70, 0x00, 
    0x20, 0x08, 0x06, 0xcf, 0xeb, 0x06, 0x7c, 0x1b, 0x04, 0x3a, 0x1b, 0xcc, 
    0x12, 0xcc, 0xc8, 0x70, 0x04, 0x7b, 0x06, 0x3e, 0x1b, 0x10, 0xdf, 0x2c, 
    0x83, 0x8a, 0xcc, 0x48, 0x60, 0xed, 0x19, 0xa0, 0x6d, 0x20, 0x9f, 0x11, 
    0x03, 0x03, 0x00, 0x41, 0x30, 0x68, 0x66, 0x37, 0x40, 0xdd, 0xc0, 0x3d, 
    0x83, 0xe1, 0x88, 0xa0, 0x6d, 0x03, 0xe2, 0x9b, 0x65, 0x60, 0x91, 0x15, 
    0x09, 0x46, 0x0c, 0x0c, 0x00, 0x04, 0xc1, 0xa0, 0xa9, 0xdd, 0xa0, 0x6f, 
    0x83, 0xc1, 0x02, 0x82, 0x3e, 0xb3, 0x04, 0x2c, 0x32, 0x50, 0x61, 0x08, 
    0x2b, 0x42, 0xea, 0x82, 0x8a, 0xd8, 0x7c, 0x06, 0x70, 0x1b, 0xc8, 0xc7, 
    0xe8, 0x33, 0x70, 0xdb, 0x40, 0x3e, 0x23, 0x06, 0x06, 0x00, 0x82, 0x60, 
    0xd0, 0xe8, 0x6e, 0xf0, 0xba, 0x81, 0x30, 0x1c, 0x11, 0xd0, 0x6d, 0x40, 
    0x7c, 0xb3, 0x0c, 0x2e, 0xd2, 0x22, 0xc1, 0x88, 0x81, 0x01, 0x80, 0x20, 
    0x18, 0x34, 0xbc, 0x1b, 0x90, 0x6e, 0x30, 0x58, 0x40, 0xd0, 0x67, 0x96, 
    0xc0, 0x45, 0x06, 0x2a, 0x0c, 0xa1, 0x45, 0x64, 0x5d, 0x60, 0x11, 0x0b, 
    0x10, 0xf9, 0xcc, 0x12, 0xcc, 0xc8, 0x70, 0xc4, 0x7e, 0x06, 0x6b, 0x1b, 
    0x10, 0xdf, 0x2c, 0x83, 0x8c, 0xc0, 0x48, 0x30, 0x1c, 0xc1, 0x9f, 0x81, 
    0xdb, 0x06, 0xc4, 0x37, 0xcb, 0x10, 0x23, 0x33, 0x12, 0x58, 0x7f, 0x06, 
    0x7a, 0x1b, 0xc8, 0xc7, 0xfc, 0x33, 0xb8, 0xdb, 0x40, 0x3e, 0xb6, 0xb7, 
    0x81, 0x10, 0x1f, 0x03, 0xd1, 0x00, 0x44, 0x03, 0xf9, 0x58, 0x20, 0xc8, 
    0xc7, 0xe8, 0x36, 0x20, 0xe2, 0x63, 0x81, 0x00, 0x9f, 0x59, 0x82, 0x19, 
    0x31, 0x12, 0x0d, 0x48, 0x34, 0x90, 0x8f, 0x95, 0x68, 0xd0, 0xb7, 0x81, 
    0x7c, 0x2c, 0x10, 0xe4, 0x63, 0xc3, 0xe8, 0x06, 0xf2, 0x31, 0xbc, 0x0d, 
    0x82, 0xf8, 0x58, 0x30, 0xc0, 0x67, 0x96, 0x60, 0x46, 0x06, 0x6a, 0x0c, 
    0x3f, 0x40, 0x11, 0x41, 0x46, 0x9c, 0x18, 0x91, 0x77, 0x01, 0x46, 0xc0, 
    0xc0, 0x45, 0xe4, 0x5d, 0x48, 0x11, 0x0b, 0x44, 0x42, 0x3e, 0x23, 0x06, 
    0x0d, 0x00, 0x82, 0x60, 0xb0, 0xc8, 0x6f, 0x80, 0xbb, 0x01, 0xde, 0x06, 
    0xe8, 0x1b, 0x9c, 0x67, 0xd0, 0x0b, 0xbc, 0x1b, 0xf0, 0x6e, 0xc0, 0xbb, 
    0x01, 0xef, 0x06, 0xa3, 0x09, 0x01, 0x30, 0x9a, 0x20, 0x04, 0xa3, 0x09, 
    0x83, 0x30, 0x62, 0x60, 0x00, 0x20, 0x08, 0x06, 0x94, 0xfc, 0x06, 0xbf, 
    0x1b, 0x0c, 0xd3, 0x0d, 0x04, 0xe8, 0x06, 0xc1, 0x88, 0x81, 0x01, 0x80, 
    0x20, 0x18, 0x50, 0xf4, 0x1b, 0x84, 0x6f, 0x40, 0x4c, 0x37, 0x14, 0xa2, 
    0x1b, 0x04, 0x23, 0x06, 0x06, 0x00, 0x82, 0x60, 0x40, 0xd9, 0x6f, 0x30, 
    0xbe, 0x41, 0x31, 0xdd, 0x60, 0x90, 0x6e, 0x10, 0x8c, 0x18, 0x34, 0x00, 
    0x08, 0x82, 0xc1, 0xc2, 0xbf, 0x81, 0xf8, 0x06, 0xa3, 0x1b, 0xc8, 0x6f, 
    0x10, 0x9f, 0xc1, 0x39, 0x98, 0x6f, 0x60, 0xbe, 0x81, 0xf9, 0x06, 0xe6, 
    0x1b, 0x8c, 0x26, 0x04, 0xc0, 0x68, 0x82, 0x10, 0x8c, 0x26, 0x0c, 0xc2, 
    0x88, 0x81, 0x01, 0x80, 0x20, 0x18, 0x50, 0xfc, 0x1b, 0xa4, 0x6f, 0x30, 
    0x4c, 0x37, 0x10, 0xaa, 0x1b, 0x04, 0x23, 0x06, 0x06, 0x00, 0x82, 0x60, 
    0x40, 0xf9, 0x6f, 0xb0, 0xbe, 0x01, 0x31, 0xdd, 0x50, 0xb0, 0x6e, 0x10, 
    0x8c, 0x18, 0x18, 0x00, 0x08, 0x82, 0x01, 0x05, 0xc2, 0x41, 0xfb, 0x06, 
    0xc5, 0x74, 0x83, 0xe1, 0xba, 0x41, 0x30, 0xcb, 0x50, 0x23, 0x34, 0x22, 
    0xaa, 0x81, 0x3d, 0x45, 0x7c, 0xcc, 0x21, 0xe2, 0x63, 0xcd, 0x10, 0x9f, 
    0x59, 0x02, 0x1b, 0x19, 0x31, 0x38, 0x00, 0x10, 0x04, 0x03, 0x4e, 0x84, 
    0x03, 0xf7, 0x0d, 0x5a, 0x37, 0x00, 0xe1, 0x60, 0x34, 0x21, 0x18, 0x46, 
    0x0c, 0x0e, 0x00, 0x04, 0xc1, 0xe0, 0x49, 0xe1, 0xc0, 0x7e, 0x83, 0xa0, 
    0x76, 0x83, 0x11, 0x83, 0x03, 0x00, 0x41, 0x30, 0x78, 0x54, 0x38, 0xb8, 
    0xdf, 0xa0, 0xaa, 0xdd, 0x60, 0xc4, 0xe0, 0x00, 0x40, 0x10, 0x0c, 0x9e, 
    0x15, 0x0e, 0xf0, 0x37, 0xa0, 0x6c, 0x37, 0x18, 0x31, 0x38, 0x00, 0x10, 
    0x04, 0x83, 0x87, 0x85, 0x83, 0xfc, 0x0d, 0xa6, 0xdb, 0x0d, 0x6c, 0xd0, 
    0xdd, 0x00, 0x3e, 0x36, 0xec, 0x6e, 0x00, 0x1f, 0x1b, 0x78, 0x37, 0x80, 
    0xcf, 0x88, 0xc1, 0x01, 0x80, 0x20, 0x18, 0x3c, 0x30, 0x1c, 0xf4, 0x6f, 
    0x10, 0xed, 0x6e, 0x30, 0x62, 0x70, 0x00, 0x20, 0x08, 0x06, 0x4f, 0x0c, 
    0x07, 0xfe, 0x1b, 0x40, 0xbc, 0x1b, 0x8c, 0x18, 0x1c, 0x00, 0x08, 0x82, 
    0xc1, 0x23, 0xc3, 0xc1, 0xff, 0x06, 0x4f, 0xef, 0x06, 0x36, 0x80, 0x6f, 
    0x00, 0x1f, 0x1b, 0xc2, 0x37, 0x80, 0x8f, 0x0d, 0xe2, 0x1b, 0xc0, 0xc7, 
    0x92, 0x81, 0x3e, 0x96, 0x0c, 0xf4, 0xb1, 0x64, 0xa0, 0xcf, 0x88, 0xc1, 
    0x01, 0x80, 0x20, 0x18, 0x3c, 0x39, 0x1c, 0x98, 0x70, 0x30, 0x90, 0x6f, 
    0x30, 0x62, 0x70, 0x00, 0x20, 0x08, 0x06, 0x8f, 0x0e, 0x07, 0x27, 0x1c, 
    0x0c, 0xe5, 0x1b, 0x8c, 0x18, 0x1c, 0x00, 0x08, 0x82, 0xc1, 0xb3, 0xc3, 
    0x01, 0x0a, 0x07, 0x83, 0xf9, 0x06, 0x23, 0x06, 0x07, 0x00, 0x82, 0x60, 
    0xf0, 0xf0, 0x70, 0x60, 0xc2, 0xc1, 0x30, 0x8d, 0x18, 0x1c, 0x00, 0x08, 
    0x82, 0xc1, 0xd3, 0xc3, 0xc1, 0x09, 0x07, 0x03, 0x35, 0x62, 0x70, 0x00, 
    0x20, 0x08, 0x06, 0x8f, 0x0f, 0x07, 0x28, 0x1c, 0x0c, 0xd5, 0x2c, 0x81, 
    0x8d, 0x0c, 0x54, 0x18, 0x46, 0x8d, 0xd8, 0x01, 0x8d, 0x0c, 0x54, 0x18, 
    0x46, 0x8d, 0xd8, 0x01, 0x8d, 0x0c, 0x54, 0x18, 0x46, 0x8d, 0xd8, 0x01, 
    0x8d, 0xd8, 0x30, 0x07, 0xf2, 0xb1, 0x81, 0x0e, 0xe4, 0x63, 0x43, 0x1d, 
    0xc8, 0xc7, 0x78, 0x61, 0x80, 0x8f, 0xf1, 0xc2, 0x00, 0x1f, 0xe3, 0x85, 
    0x01, 0x3e, 0xc6, 0x0b, 0x79, 0x00, 0x9f, 0x59, 0x86, 0x1f, 0xb9, 0x11, 
    0xd8, 0x0d, 0x86, 0x1b, 0x62, 0x37, 0xf0, 0xe1, 0x00, 0x0c, 0x66, 0x19, 
    0x72, 0x04, 0x47, 0x02, 0xb3, 0xdf, 0xc0, 0x3c, 0x83, 0xf8, 0x8c, 0x18, 
    0x1c, 0x00, 0x08, 0x82, 0xc1, 0xb3, 0xc6, 0x01, 0x0e, 0x07, 0x81, 0xfd, 
    0x06, 0xb3, 0x04, 0x63, 0x32, 0x1c, 0x81, 0x9e, 0x81, 0xfe, 0x06, 0xc4, 
    0x37, 0xcb, 0xa0, 0x23, 0x63, 0x12, 0x58, 0x7a, 0x06, 0x24, 0x1c, 0xc8, 
    0x67, 0xc4, 0xc0, 0x00, 0x40, 0x10, 0x0c, 0x9a, 0x37, 0x0e, 0xc8, 0x38, 
    0x50, 0xcf, 0x60, 0x38, 0x22, 0x48, 0xe1, 0x80, 0xf8, 0x66, 0x19, 0x78, 
    0x64, 0x47, 0x82, 0x11, 0x03, 0x03, 0x00, 0x41, 0x30, 0x68, 0xe2, 0x38, 
    0xc8, 0xe1, 0x60, 0xb0, 0x80, 0xa0, 0xcf, 0x2c, 0x01, 0x8f, 0x0c, 0x54, 
    0x18, 0xc2, 0x8e, 0xf0, 0xbf, 0xa0, 0x23, 0xf6, 0x9e, 0x01, 0x0b, 0x07, 
    0xf2, 0x31, 0xf8, 0x0c, 0x54, 0x38, 0x90, 0xcf, 0x88, 0x81, 0x01, 0x80, 
    0x20, 0x18, 0x34, 0x76, 0x1c, 0xac, 0x71, 0x20, 0x0c, 0x47, 0x04, 0x30, 
    0x1c, 0x10, 0xdf, 0x2c, 0x83, 0x8f, 0xf4, 0x48, 0x30, 0x62, 0x60, 0x00, 
    0x20, 0x08, 0x06, 0x0d, 0x1e, 0x07, 0x60, 0x1c, 0x0c, 0x16, 0x10, 0xf4, 
    0x99, 0x25, 0xf0, 0x91, 0x81, 0x0a, 0x43, 0xe8, 0x11, 0x15, 0x1c, 0x78, 
    0xc4, 0x02, 0x44, 0x3e, 0xb3, 0x04, 0x63, 0x32, 0x1c, 0x71, 0x9f, 0xc1, 
    0x09, 0x07, 0xc4, 0x37, 0xcb, 0x20, 0x26, 0x60, 0x12, 0x0c, 0x47, 0xe0, 
    0x67, 0xa0, 0xc2, 0x01, 0xf1, 0xcd, 0x32, 0x84, 0xc9, 0x98, 0x04, 0x96, 
    0x9f, 0x81, 0x0d, 0x07, 0xf2, 0x31, 0xfd, 0x0c, 0x66, 0x38, 0x90, 0x8f, 
    0xdd, 0x70, 0x20, 0xc4, 0xc7, 0xf8, 0x33, 0xe0, 0xcf, 0x40, 0x3e, 0x16, 
    0x08, 0xf2, 0x31, 0x18, 0x0e, 0x88, 0xf8, 0x58, 0x20, 0xc0, 0x67, 0x96, 
    0x60, 0x4c, 0x0c, 0x44, 0x03, 0x10, 0x0d, 0xe4, 0x63, 0x21, 0x1a, 0xe4, 
    0x70, 0x20, 0x1f, 0x0b, 0x04, 0xf9, 0xd8, 0xf0, 0xc3, 0x81, 0x7c, 0x8c, 
    0x86, 0x83, 0x20, 0x3e, 0x16, 0x0c, 0xf0, 0x99, 0x25, 0x18, 0x93, 0x81, 
    0x1a, 0xc3, 0x0f, 0x70, 0x44, 0x10, 0x13, 0x27, 0x4c, 0xd4, 0x70, 0x00, 
    0x13, 0x30, 0xf0, 0x11, 0x35, 0x1c, 0x72, 0xc4, 0x02, 0xdf, 0x90, 0xcf, 
    0x88, 0x41, 0x03, 0x80, 0x20, 0x18, 0x2c, 0xae, 0x1c, 0xd0, 0x71, 0x40, 
    0xc3, 0x01, 0x29, 0x07, 0xe2, 0x19, 0xe4, 0x05, 0x1e, 0x07, 0x78, 0x1c, 
    0xe0, 0x71, 0x80, 0xc7, 0xc1, 0x68, 0x42, 0x00, 0x8c, 0x26, 0x08, 0xc1, 
    0x68, 0xc2, 0x20, 0x8c, 0x18, 0x18, 0x00, 0x08, 0x82, 0x01, 0xe5, 0xca, 
    0xc1, 0x1e, 0x07, 0xc3, 0x74, 0x03, 0xc1, 0xc3, 0x41, 0x30, 0x62, 0x60, 
    0x00, 0x20, 0x08, 0x06, 0x14, 0x2c, 0x07, 0x7d, 0x1c, 0x10, 0xd3, 0x0d, 
    0x85, 0x0f, 0x07, 0xc1, 0x88, 0x81, 0x01, 0x80, 0x20, 0x18, 0x50, 0xb2, 
    0x1c, 0xfc, 0x71, 0x50, 0x4c, 0x37, 0x18, 0x60, 0x1c, 0x04, 0x23, 0x06, 
    0x0d, 0x00, 0x82, 0x60, 0xb0, 0xe0, 0x72, 0xe0, 0xc7, 0xc1, 0x0f, 0x07, 
    0xae, 0x1c, 0xb0, 0x67, 0x30, 0x1a, 0xa2, 0x1c, 0x88, 0x72, 0x20, 0xca, 
    0x81, 0x28, 0x07, 0xa3, 0x09, 0x01, 0x30, 0x9a, 0x20, 0x04, 0xa3, 0x09, 
    0x83, 0x30, 0x62, 0x60, 0x00, 0x20, 0x08, 0x06, 0x14, 0x2e, 0x07, 0xa5, 
    0x1c, 0x0c, 0xd3, 0x0d, 0x84, 0x19, 0x07, 0xc1, 0x88, 0x81, 0x01, 0x80, 
    0x20, 0x18, 0x50, 0xba, 0x1c, 0x9c, 0x72, 0x40, 0x4c, 0x37, 0x14, 0x68, 
    0x1c, 0x04, 0x23, 0x06, 0x06, 0x00, 0x82, 0x60, 0x40, 0xf1, 0x72, 0x90, 
    0xca, 0x41, 0x31, 0xdd, 0x60, 0xa8, 0x71, 0x10, 0xcc, 0x32, 0x94, 0x09, 
    0x99, 0xf8, 0x6c, 0x60, 0x4f, 0x11, 0x1f, 0x73, 0x88, 0xf8, 0x58, 0x33, 
    0xc4, 0x67, 0x96, 0xc0, 0x4c, 0x46, 0x0c, 0x0e, 0x00, 0x04, 0xc1, 0x80, 
    0xf3, 0xe5, 0x40, 0x95, 0x83, 0x34, 0x0e, 0x78, 0x39, 0x18, 0x4d, 0x08, 
    0x86, 0x11, 0x83, 0x03, 0x00, 0x41, 0x30, 0x78, 0xca, 0x39, 0x90, 0xe5, 
    0x20, 0x88, 0xe3, 0x60, 0xc4, 0xe0, 0x00, 0x40, 0x10, 0x0c, 0x1e, 0x73, 
    0x0e, 0x66, 0x39, 0xa8, 0xe2, 0x38, 0x18, 0x31, 0x38, 0x00, 0x10, 0x04, 
    0x83, 0xe7, 0x9c, 0x03, 0x5a, 0x0e, 0x28, 0x39, 0x0e, 0x46, 0x0c, 0x0e, 
    0x00, 0x04, 0xc1, 0xe0, 0x41, 0xe7, 0xa0, 0x96, 0x83, 0x69, 0x8e, 0x03, 
    0x1b, 0xec, 0x38, 0x80, 0x8f, 0x0d, 0x77, 0x1c, 0xc0, 0xc7, 0x06, 0x3c, 
    0x0e, 0xe0, 0x33, 0x62, 0x70, 0x00, 0x20, 0x08, 0x06, 0x0f, 0x3b, 0x07, 
    0xb9, 0x1c, 0x44, 0x77, 0x1c, 0x8c, 0x18, 0x1c, 0x00, 0x08, 0x82, 0xc1, 
    0xd3, 0xce, 0x81, 0x2e, 0x07, 0x10, 0x1e, 0x07, 0x23, 0x06, 0x07, 0x00, 
    0x82, 0x60, 0xf0, 0xb8, 0x73, 0xb0, 0xcb, 0xc1, 0x93, 0xc7, 0x81, 0x0d, 
    0x7c, 0x1c, 0xc0, 0xc7, 0x86, 0x3e, 0x0e, 0xe0, 0x63, 0x83, 0x1f, 0x07, 
    0xf0, 0xb1, 0x64, 0xa0, 0x8f, 0x25, 0x03, 0x7d, 0x2c, 0x19, 0xe8, 0x33, 
    0x62, 0x70, 0x00, 0x20, 0x08, 0x06, 0x4f, 0x3d, 0x07, 0xe2, 0x1c, 0x0c, 
    0xa0, 0x1c, 0x8c, 0x18, 0x1c, 0x00, 0x08, 0x82, 0xc1, 0x63, 0xcf, 0xc1, 
    0x38, 0x07, 0x43, 0x28, 0x07, 0x23, 0x06, 0x07, 0x00, 0x82, 0x60, 0xf0, 
    0xdc, 0x73, 0x40, 0xce, 0xc1, 0x20, 0xca, 0xc1, 0x88, 0xc1, 0x01, 0x80, 
    0x20, 0x18, 0x3c, 0xf8, 0x1c, 0x88, 0x73, 0x30, 0x4c, 0x23, 0x06, 0x07, 
    0x00, 0x82, 0x60, 0xf0, 0xe4, 0x73, 0x30, 0xce, 0xc1, 0x40, 0x8d, 0x18, 
    0x1c, 0x00, 0x08, 0x82, 0xc1, 0xa3, 0xcf, 0x01, 0x39, 0x07, 0x43, 0x35, 
    0x4b, 0x60, 0x26, 0x03, 0x15, 0x86, 0x51, 0x26, 0x76, 0x40, 0x26, 0x03, 
    0x15, 0x86, 0x51, 0x26, 0x76, 0x40, 0x26, 0x03, 0x15, 0x86, 0x51, 0x26, 
    0x76, 0x40, 0x26, 0x36, 0xcc, 0x81, 0x7c, 0x6c, 0xa0, 0x03, 0xf9, 0xd8, 
    0x50, 0x07, 0xf2, 0x31, 0x5e, 0x18, 0xe0, 0x63, 0xbc, 0x30, 0xc0, 0xc7, 
    0x78, 0x61, 0x80, 0x8f, 0xf1, 0x42, 0x1e, 0xc0, 0x67, 0x96, 0xe1, 0x4d, 
    0xce, 0x84, 0x8d, 0x83, 0xe1, 0x86, 0x36, 0x0e, 0xf4, 0x39, 0x00, 0x83, 
    0x59, 0x86, 0x34, 0x41, 0x93, 0xc0, 0x64, 0x39, 0x08, 0xcf, 0x20, 0x3e, 
    0x23, 0x06, 0x07, 0x00, 0x82, 0x60, 0xf0, 0x9c, 0x74, 0x40, 0xcf, 0x41, 
    0x20, 0xcb, 0xc1, 0x2c, 0xc1, 0x9c, 0x0c, 0x47, 0x8c, 0x67, 0x60, 0xcb, 
    0x01, 0xf1, 0xcd, 0x32, 0xa8, 0xc9, 0x9c, 0x04, 0x46, 0x9e, 0x01, 0x38, 
    0x07, 0xf2, 0x19, 0x31, 0x30, 0x00, 0x10, 0x04, 0x83, 0x66, 0xa5, 0x03, 
    0x90, 0x0e, 0xca, 0x33, 0x18, 0x8e, 0x08, 0xca, 0x39, 0x20, 0xbe, 0x59, 
    0x06, 0x36, 0x59, 0x93, 0x60, 0xc4, 0xc0, 0x00, 0x40, 0x10, 0x0c, 0x9a, 
    0x96, 0x0e, 0xea, 0x39, 0x18, 0x2c, 0x20, 0xe8, 0x33, 0x4b, 0xc0, 0x26, 
    0x03, 0x15, 0x86, 0xb0, 0x26, 0x74, 0x39, 0xa8, 0x89, 0xa9, 0x67, 0x80, 
    0xce, 0x81, 0x7c, 0x6c, 0x3d, 0x03, 0x73, 0x0e, 0xe4, 0x33, 0x62, 0x60, 
    0x00, 0x20, 0x08, 0x06, 0x8d, 0x4c, 0x07, 0x27, 0x1d, 0x08, 0xc3, 0x11, 
    0x01, 0x3b, 0x07, 0xc4, 0x37, 0xcb, 0xe0, 0x26, 0x6d, 0x12, 0x8c, 0x18, 
    0x18, 0x00, 0x08, 0x82, 0x41, 0x43, 0xd3, 0x01, 0x3f, 0x07, 0x83, 0x05, 
    0x04, 0x7d, 0x66, 0x09, 0xdc, 0x64, 0xa0, 0xc2, 0x10, 0xda, 0x44, 0x34, 
    0x07, 0x36, 0xb1, 0x00, 0x91, 0xcf, 0x2c, 0xc1, 0x9c, 0x0c, 0x47, 0xc8, 
    0x67, 0x30, 0xce, 0x01, 0xf1, 0xcd, 0x32, 0xc8, 0x09, 0x9c, 0x04, 0xc3, 
    0x11, 0xf3, 0x19, 0x98, 0x73, 0x40, 0x7c, 0xb3, 0x0c, 0x71, 0x32, 0x27, 
    0x81, 0xd1, 0x67, 0x20, 0xcf, 0x81, 0x7c, 0xac, 0x3e, 0x83, 0x77, 0x0e, 
    0xe4, 0x63, 0xf3, 0x1c, 0x08, 0xf1, 0xb1, 0xfb, 0x0c, 0xee, 0x33, 0x90, 
    0x8f, 0x05, 0x82, 0x7c, 0x8c, 0x9d, 0x03, 0x22, 0x3e, 0x16, 0x08, 0xf0, 
    0x99, 0x25, 0x98, 0x13, 0xdb, 0xcf, 0x60, 0x3f, 0x03, 0xf9, 0x18, 0x7f, 
    0x06, 0xf5, 0x1c, 0xc8, 0xc7, 0x02, 0x41, 0x3e, 0x36, 0xec, 0x73, 0x20, 
    0x1f, 0x83, 0xe7, 0x20, 0x88, 0x8f, 0x05, 0x03, 0x7c, 0x66, 0x09, 0xe6, 
    0x64, 0xa0, 0xc6, 0xf0, 0x03, 0x34, 0x11, 0xe4, 0xc4, 0x89, 0x13, 0xf1, 
    0x1c, 0xe0, 0x04, 0x0c, 0xdc, 0x44, 0x3c, 0x87, 0x34, 0xb1, 0x40, 0x4f, 
    0xe4, 0x33, 0x62, 0xd0, 0x00, 0x20, 0x08, 0x06, 0x8b, 0x5a, 0x07, 0x30, 
    0x1d, 0xc0, 0x73, 0x00, 0xd6, 0x41, 0x6f, 0x06, 0x35, 0x42, 0xd3, 0x01, 
    0x4d, 0x07, 0x34, 0x1d, 0xd0, 0x74, 0x30, 0x9a, 0x10, 0x00, 0xa3, 0x09, 
    0x42, 0x30, 0x9a, 0x30, 0x08, 0x23, 0x06, 0x06, 0x00, 0x82, 0x60, 0x40, 
    0xa9, 0x75, 0x70, 0xd3, 0xc1, 0x30, 0xdd, 0x40, 0xe0, 0x73, 0x10, 0x8c, 
    0x18, 0x18, 0x00, 0x08, 0x82, 0x01, 0xc5, 0xd6, 0x41, 0x4e, 0x07, 0xc4, 
    0x74, 0x43, 0xa1, 0xcf, 0x41, 0x30, 0x62, 0x60, 0x00, 0x20, 0x08, 0x06, 
    0x94, 0x5b, 0x07, 0x3b, 0x1d, 0x14, 0xd3, 0x0d, 0x06, 0x3f, 0x07, 0xc1, 
    0x88, 0x41, 0x03, 0x80, 0x20, 0x18, 0x2c, 0x74, 0x1d, 0xe8, 0x74, 0xb0, 
    0xcf, 0x81, 0x5a, 0x07, 0xe7, 0x19, 0xfc, 0x88, 0x4f, 0x07, 0x3e, 0x1d, 
    0xf8, 0x74, 0xe0, 0xd3, 0xc1, 0x68, 0x42, 0x00, 0x8c, 0x26, 0x08, 0xc1, 
    0x68, 0xc2, 0x20, 0x8c, 0x18, 0x18, 0x00, 0x08, 0x82, 0x01, 0x45, 0xd7, 
    0x41, 0x58, 0x07, 0xc3, 0x74, 0x03, 0x21, 0xd2, 0x41, 0x30, 0x62, 0x60, 
    0x00, 0x20, 0x08, 0x06, 0x94, 0x5d, 0x07, 0x63, 0x1d, 0x10, 0xd3, 0x0d, 
    0x05, 0x49, 0x07, 0xc1, 0x88, 0x81, 0x01, 0x80, 0x20, 0x18, 0x50, 0x78, 
    0x1d, 0x94, 0x75, 0x50, 0x4c, 0x37, 0x18, 0x26, 0x1d, 0x04, 0xb3, 0x0c, 
    0x75, 0x42, 0x27, 0xfa, 0x1b, 0xd8, 0x53, 0xc4, 0xc7, 0x1c, 0x22, 0x3e, 
    0xd6, 0x0c, 0xf1, 0x99, 0x25, 0xb0, 0x93, 0x11, 0x83, 0x03, 0x00, 0x41, 
    0x30, 0xe0, 0xf4, 0x3a, 0x30, 0xeb, 0xa0, 0xa4, 0x03, 0xbc, 0x0e, 0x46, 
    0x13, 0x82, 0x61, 0xc4, 0xe0, 0x00, 0x40, 0x10, 0x0c, 0x9e, 0xd0, 0x0e, 
    0xdc, 0x3a, 0x08, 0x5a, 0x3a, 0x18, 0x31, 0x38, 0x00, 0x10, 0x04, 0x83, 
    0x47, 0xb4, 0x83, 0xb7, 0x0e, 0xaa, 0x96, 0x0e, 0x46, 0x0c, 0x0e, 0x00, 
    0x04, 0xc1, 0xe0, 0x19, 0xed, 0x00, 0xae, 0x03, 0xca, 0xa5, 0x83, 0x11, 
    0x83, 0x03, 0x00, 0x41, 0x30, 0x78, 0x48, 0x3b, 0x88, 0xeb, 0x60, 0x7a, 
    0xe9, 0xc0, 0x06, 0x99, 0x0e, 0xe0, 0x63, 0xc3, 0x4c, 0x07, 0xf0, 0xb1, 
    0x81, 0xa6, 0x03, 0xf8, 0x8c, 0x18, 0x1c, 0x00, 0x08, 0x82, 0xc1, 0x83, 
    0xda, 0x41, 0x5d, 0x07, 0xd1, 0x4c, 0x07, 0x23, 0x06, 0x07, 0x00, 0x82, 
    0x60, 0xf0, 0xa4, 0x76, 0x60, 0xd7, 0x01, 0x44, 0xd3, 0xc1, 0x88, 0xc1, 
    0x01, 0x80, 0x20, 0x18, 0x3c, 0xaa, 0x1d, 0xdc, 0x75, 0xf0, 0xd4, 0x74, 
    0x60, 0x03, 0x4e, 0x07, 0xf0, 0xb1, 0x21, 0xa7, 0x03, 0xf8, 0xd8, 0xa0, 
    0xd3, 0x01, 0x7c, 0x2c, 0x19, 0xe8, 0x63, 0xc9, 0x40, 0x1f, 0x4b, 0x06, 
    0xfa, 0x8c, 0x18, 0x1c, 0x00, 0x08, 0x82, 0xc1, 0x13, 0xdb, 0x81, 0x5f, 
    0x07, 0x03, 0x4f, 0x07, 0x23, 0x06, 0x07, 0x00, 0x82, 0x60, 0xf0, 0xc8, 
    0x76, 0xf0, 0xd7, 0xc1, 0xd0, 0xd3, 0xc1, 0x88, 0xc1, 0x01, 0x80, 0x20, 
    0x18, 0x3c, 0xb3, 0x1d, 0x80, 0x76, 0x30, 0xf8, 0x74, 0x30, 0x62, 0x70, 
    0x00, 0x20, 0x08, 0x06, 0x0f, 0x6d, 0x07, 0x7e, 0x1d, 0x0c, 0xd3, 0x88, 
    0xc1, 0x01, 0x80, 0x20, 0x18, 0x3c, 0xb5, 0x1d, 0xfc, 0x75, 0x30, 0x50, 
    0x23, 0x06, 0x07, 0x00, 0x82, 0x60, 0xf0, 0xd8, 0x76, 0x00, 0xda, 0xc1, 
    0x50, 0xcd, 0x12, 0xd8, 0xc9, 0x40, 0x85, 0x61, 0xd4, 0x89, 0x1d, 0xd0, 
    0xc9, 0x40, 0x85, 0x61, 0xd4, 0x89, 0x1d, 0xd0, 0xc9, 0x40, 0x85, 0x61, 
    0xd4, 0x89, 0x1d, 0xd0, 0x89, 0xd9, 0xc2, 0x1c, 0xc0, 0x67, 0x38, 0x22, 
    0x50, 0xeb, 0x40, 0xf8, 0x66, 0x19, 0xee, 0x04, 0x4f, 0x02, 0x1b, 0xea, 
    0x40, 0x3e, 0xa6, 0x0b, 0x01, 0x7c, 0xcc, 0xb8, 0x03, 0xf9, 0x58, 0x2f, 
    0x04, 0xf0, 0xb1, 0x24, 0x0f, 0xe4, 0x63, 0xe0, 0x10, 0xc0, 0xc7, 0x02, 
    0x84, 0x3e, 0x46, 0x24, 0xf4, 0xb1, 0x43, 0xa1, 0xcf, 0x2c, 0xc1, 0x9e, 
    0x8c, 0x18, 0x1c, 0x00, 0x08, 0x82, 0x81, 0x25, 0xde, 0xc1, 0x6a, 0x07, 
    0x6a, 0x1d, 0xf4, 0x76, 0x30, 0x62, 0x70, 0x00, 0x20, 0x08, 0x06, 0xd6, 
    0x78, 0x07, 0xac, 0x1d, 0xa8, 0x75, 0xe0, 0xdb, 0xc1, 0x88, 0xc1, 0x01, 
    0x80, 0x20, 0x18, 0x58, 0xe4, 0x1d, 0xb0, 0x76, 0x20, 0x84, 0x72, 0x30, 
    0x62, 0x70, 0x00, 0x20, 0x08, 0x06, 0x56, 0x79, 0x07, 0xad, 0x1d, 0x08, 
    0xa1, 0x1c, 0x8c, 0x18, 0x34, 0x00, 0x08, 0x82, 0xc1, 0xb2, 0xde, 0x41, 
    0x6c, 0x07, 0x71, 0x1d, 0x84, 0x77, 0x20, 0x04, 0xb5, 0x1d, 0xd4, 0x76, 
    0x50, 0xdb, 0x41, 0x6d, 0x07, 0xa3, 0x09, 0x01, 0x30, 0x9a, 0x20, 0x04, 
    0xa3, 0x09, 0x83, 0x30, 0x62, 0x60, 0x00, 0x20, 0x08, 0x06, 0xd4, 0x7a, 
    0x07, 0xb8, 0x1d, 0x0c, 0xd3, 0x0d, 0x44, 0x5e, 0x07, 0xc1, 0x88, 0x81, 
    0x01, 0x80, 0x20, 0x18, 0x50, 0xed, 0x1d, 0xe8, 0x76, 0x40, 0x4c, 0x37, 
    0x14, 0x7b, 0x1d, 0x04, 0x23, 0x06, 0x06, 0x00, 0x82, 0x60, 0x40, 0xbd, 
    0x77, 0xc0, 0xdb, 0x41, 0x31, 0xdd, 0x60, 0xf4, 0x75, 0x10, 0x8c, 0x18, 
    0x34, 0x00, 0x08, 0x82, 0xc1, 0x52, 0xdf, 0xc1, 0x6e, 0x07, 0x7c, 0x1d, 
    0xac, 0x77, 0xc0, 0x2c, 0xbf, 0x1d, 0xfc, 0x76, 0xf0, 0xdb, 0xc1, 0x6f, 
    0x07, 0xa3, 0x09, 0x01, 0x30, 0x9a, 0x20, 0x04, 0xa3, 0x09, 0x83, 0x30, 
    0x62, 0x60, 0x00, 0x20, 0x08, 0x06, 0x54, 0x7d, 0x07, 0xe2, 0x1d, 0x0c, 
    0xd3, 0x0d, 0xc4, 0x68, 0x07, 0xc1, 0x88, 0x81, 0x01, 0x80, 0x20, 0x18, 
    0x50, 0xf7, 0x1d, 0x90, 0x77, 0x40, 0x4c, 0x37, 0x14, 0xa5, 0x1d, 0x04, 
    0x23, 0x06, 0x06, 0x00, 0x82, 0x60, 0x40, 0xe5, 0x77, 0x60, 0xde, 0x41, 
    0x31, 0xdd, 0x60, 0x9c, 0x76, 0x10, 0xcc, 0x32, 0xe4, 0x89, 0x9e, 0xec, 
    0x71, 0x30, 0x62, 0x70, 0x00, 0x20, 0x08, 0x06, 0x1c, 0x7e, 0x07, 0xe4, 
    0x1d, 0x8c, 0x76, 0x60, 0xdf, 0xc1, 0x68, 0x42, 0x30, 0x8c, 0x18, 0x1c, 
    0x00, 0x08, 0x82, 0xc1, 0xf3, 0xdf, 0x01, 0x7b, 0x07, 0xc1, 0x6a, 0x07, 
    0x23, 0x06, 0x07, 0x00, 0x82, 0x60, 0xf0, 0x80, 0x78, 0xd0, 0xde, 0x81, 
    0xb4, 0xda, 0xc1, 0x88, 0xc1, 0x01, 0x80, 0x20, 0x18, 0x3c, 0x21, 0x1e, 
    0xb8, 0x77, 0x10, 0xb1, 0x76, 0x30, 0x62, 0x70, 0x00, 0x20, 0x08, 0x06, 
    0x8f, 0x88, 0x07, 0xef, 0x1d, 0x40, 0xad, 0x1d, 0xd8, 0x00, 0xdb, 0x01, 
    0x7c, 0x6c, 0x88, 0xed, 0x00, 0x3e, 0x36, 0xc8, 0x76, 0x00, 0x9f, 0x11, 
    0x83, 0x03, 0x00, 0x41, 0x30, 0x78, 0x4c, 0x3c, 0x98, 0xef, 0xc0, 0x89, 
    0xed, 0x60, 0xc4, 0xe0, 0x00, 0x40, 0x10, 0x0c, 0x9e, 0x13, 0x0f, 0xe8, 
    0x3b, 0x68, 0x64, 0x3b, 0x18, 0x31, 0x38, 0x00, 0x10, 0x04, 0x83, 0x07, 
    0xc5, 0x83, 0xfa, 0x0e, 0x98, 0xd9, 0x0e, 0x6c, 0xb0, 0xed, 0x00, 0x3e, 
    0x36, 0xdc, 0x76, 0x00, 0x1f, 0x1b, 0x70, 0x3b, 0x80, 0x8f, 0x25, 0x03, 
    0x7d, 0x2c, 0x19, 0xe8, 0x63, 0xc9, 0x40, 0x9f, 0x11, 0x83, 0x03, 0x00, 
    0x41, 0x30, 0x78, 0x5e, 0x3c, 0xe0, 0xef, 0x60, 0xd0, 0xed, 0x60, 0xc4, 
    0xe0, 0x00, 0x40, 0x10, 0x0c, 0x1e, 0x18, 0x0f, 0xfa, 0x3b, 0x18, 0x76, 
    0x3b, 0x18, 0x31, 0x38, 0x00, 0x10, 0x04, 0x83, 0x27, 0xc6, 0x03, 0xff, 
    0x0e, 0x06, 0xde, 0x0e, 0x46, 0x0c, 0x0e, 0x00, 0x04, 0xc1, 0xe0, 0x91, 
    0xf1, 0x80, 0xbf, 0x83, 0x61, 0x1a, 0x31, 0x38, 0x00, 0x10, 0x04, 0x83, 
    0x67, 0xc6, 0x83, 0xfe, 0x0e, 0x06, 0x6a, 0xc4, 0xe0, 0x00, 0x40, 0x10, 
    0x0c, 0x1e, 0x1a, 0x0f, 0xfc, 0x3b, 0x18, 0xaa, 0x59, 0x82, 0x3d, 0xb1, 
    0x33, 0xe8, 0xe2, 0x63, 0x66, 0xc0, 0xc5, 0xc7, 0xca, 0x60, 0x8b, 0xcf, 
    0x2c, 0xc1, 0x9e, 0x0c, 0x74, 0x18, 0xec, 0x70, 0x27, 0x4c, 0x9e, 0x18, 
    0x7a, 0x32, 0xd0, 0x61, 0xb0, 0xc3, 0x9d, 0x30, 0x79, 0x62, 0xe8, 0xc9, 
    0x40, 0x87, 0xc1, 0x0e, 0x77, 0xc2, 0xe4, 0x89, 0xa1, 0x27, 0x23, 0x06, 
    0x07, 0x00, 0x82, 0x60, 0x90, 0xdd, 0x78, 0x20, 0xe2, 0x41, 0x78, 0x07, 
    0x2e, 0x1e, 0x8c, 0x26, 0x04, 0xc0, 0x70, 0x43, 0x50, 0xe3, 0x01, 0x18, 
    0xcc, 0x32, 0xf4, 0x09, 0x9f, 0x04, 0x23, 0x06, 0x07, 0x00, 0x82, 0x60, 
    0xf0, 0xf8, 0x78, 0xb0, 0xe2, 0x81, 0x61, 0x47, 0x23, 0x06, 0x07, 0x00, 
    0x82, 0x60, 0xf0, 0xfc, 0x78, 0xc0, 0xe2, 0x81, 0x61, 0x47, 0x23, 0x06, 
    0x07, 0x00, 0x82, 0x60, 0xf0, 0x80, 0x79, 0xd0, 0xe2, 0x81, 0x61, 0x47, 
    0x23, 0x06, 0x07, 0x00, 0x82, 0x60, 0xf0, 0x84, 0x79, 0xb0, 0xe2, 0xc1, 
    0x60, 0x47, 0x23, 0x06, 0x07, 0x00, 0x82, 0x60, 0xf0, 0x88, 0x79, 0xc0, 
    0xe2, 0xc1, 0x60, 0x47, 0x23, 0x06, 0x07, 0x00, 0x82, 0x60, 0xf0, 0x8c, 
    0x79, 0xd0, 0xe2, 0xc1, 0x60, 0x47, 0xb3, 0x04, 0x7d, 0x32, 0x50, 0x61, 
    0x18, 0x7c, 0x82, 0xed, 0xc9, 0x40, 0x85, 0x61, 0xf0, 0x09, 0xb6, 0x27, 
    0x03, 0x15, 0x86, 0xc1, 0x27, 0xd8, 0x9e, 0x4c, 0x37, 0xcc, 0x77, 0x20, 
    0xdf, 0x41, 0x39, 0x07, 0x23, 0x06, 0x06, 0x00, 0x82, 0x60, 0x40, 0x99, 
    0x79, 0x30, 0xe3, 0x01, 0x31, 0xdd, 0x50, 0x08, 0xc1, 0x88, 0x81, 0x01, 
    0x80, 0x20, 0x18, 0x50, 0x68, 0x1e, 0xd4, 0x78, 0x50, 0x4c, 0x37, 0x18, 
    0x44, 0x30, 0x62, 0x60, 0x00, 0x20, 0x08, 0x06, 0x94, 0x9a, 0x07, 0x37, 
    0x1e, 0x18, 0xd3, 0x0d, 0x87, 0x11, 0x8c, 0x18, 0x1c, 0x00, 0x08, 0x82, 
    0x01, 0x97, 0xe6, 0x41, 0x8d, 0x07, 0xf4, 0x1d, 0x9c, 0x79, 0x30, 0x9a, 
    0x10, 0x00, 0xb3, 0x0c, 0x7e, 0xf2, 0x27, 0xee, 0x1c, 0xd8, 0x31, 0xe2, 
    0x01, 0x7c, 0xcc, 0x20, 0xf1, 0x00, 0x3e, 0x56, 0x94, 0x78, 0x00, 0x1f, 
    0x23, 0x06, 0xf9, 0x58, 0x31, 0xc8, 0xc7, 0x8c, 0x41, 0x3e, 0x36, 0x88, 
    0x78, 0x00, 0x1f, 0x1b, 0x46, 0x3c, 0x80, 0x8f, 0x0d, 0x24, 0x1e, 0xc0, 
    0xc7, 0x06, 0xfb, 0x0e, 0xe4, 0x63, 0x83, 0x7d, 0x07, 0xf2, 0xb1, 0xc1, 
    0xbe, 0x03, 0xf9, 0xcc, 0x12, 0x80, 0x8a, 0x35, 0x93, 0x7c, 0xcc, 0x91, 
    0xe4, 0x63, 0x4f, 0x24, 0x1f, 0x1b, 0xf8, 0x3b, 0x80, 0x8f, 0x0d, 0xfc, 
    0x1d, 0xc0, 0xc7, 0x06, 0xfe, 0x0e, 0xe0, 0x33, 0x4b, 0x00, 0x2a, 0x03, 
    0x15, 0x86, 0xe4, 0x27, 0xc6, 0x9f, 0x0c, 0x54, 0x18, 0x92, 0x9f, 0x18, 
    0x7f, 0x32, 0x50, 0x61, 0x48, 0x7e, 0x62, 0xfc, 0xc9, 0x88, 0x81, 0x01, 
    0x80, 0x20, 0x18, 0x50, 0xa3, 0x1e, 0xc0, 0x79, 0x30, 0x4c, 0x37, 0x10, 
    0x23, 0x1e, 0x04, 0x23, 0x06, 0x06, 0x00, 0x82, 0x60, 0x40, 0x95, 0x7a, 
    0x20, 0xe7, 0x01, 0x31, 0xdd, 0x50, 0x90, 0x78, 0x10, 0x8c, 0x18, 0x18, 
    0x00, 0x08, 0x82, 0x01, 0x75, 0xea, 0x01, 0x9d, 0x07, 0xc5, 0x74, 0x83, 
    0x51, 0xe2, 0x41, 0x30, 0x62, 0x70, 0x00, 0x20, 0x08, 0x06, 0xcf, 0xaa, 
    0x07, 0x78, 0x1e, 0x14, 0x36, 0x1e, 0x8c, 0x18, 0x1c, 0x00, 0x08, 0x82, 
    0xc1, 0xc3, 0xea, 0x41, 0x9e, 0x07, 0xc4, 0x8d, 0x07, 0x23, 0x06, 0x07, 
    0x00, 0x82, 0x60, 0xf0, 0xb4, 0x7a, 0xa0, 0xe7, 0xc1, 0x80, 0xe3, 0xc1, 
    0x88, 0x81, 0x03, 0x80, 0x20, 0x18, 0x44, 0xad, 0x1e, 0xb4, 0x79, 0x80, 
    0xe3, 0xc1, 0x8c, 0x07, 0x32, 0x1e, 0xe8, 0x79, 0x30, 0x08, 0x01, 0x8a, 
    0x07, 0x6c, 0x1e, 0xcc, 0x12, 0x84, 0x0a, 0x02, 0x00, 0x00, 0x00, 0x00
    
};
